club,leiden_consensus,n,series
1,0,1654,mpfood
1,1,196,mpfood
1,2,166,mpfood
1,0,653,food
1,1,0,food
1,2,6,food
2,0,992,food
2,1,138,food
2,2,124,food
3,0,9,food
3,1,58,food
3,2,36,food
1,0,11,proch
1,1,2,proch
1,2,0,proch
2,0,18,proch
2,1,21,proch
2,2,5,proch
3,0,183,proch
3,1,129,proch
3,2,70,proch
4,0,466,proch
4,1,36,proch
4,2,66,proch
5,0,443,proch
5,1,8,proch
5,2,22,proch
6,0,406,proch
6,1,0,proch
6,2,2,proch
7,0,109,proch
7,1,0,proch
7,2,1,proch
8,0,12,proch
8,1,0,proch
8,2,0,proch
9,0,4,proch
9,1,0,proch
9,2,0,proch
10,0,2,proch
10,1,0,proch
10,2,0,proch
