row_idx,territory_id,leiden_consensus,kmeans_k6,ward_k6,gmm_full_k6,gmm_diag_k6,spectral_knn_k6,kefrin,louvain,infomap,eva
0,1,0,2,3,1,1,0,1,10,5,8
1,2,0,2,0,4,1,0,1,10,5,8
2,3,0,1,0,2,5,2,0,10,5,8
3,4,0,2,3,2,1,0,1,10,5,8
4,5,0,2,4,2,2,2,5,10,5,8
5,6,0,2,3,2,1,0,1,10,5,8
6,7,0,2,3,1,1,0,1,10,5,8
7,8,0,2,3,1,1,0,1,10,5,8
8,9,0,5,0,4,3,2,5,10,5,8
9,10,0,2,3,5,1,0,1,1,4,0
10,11,0,2,3,4,4,0,1,1,4,0
11,12,0,2,3,5,1,0,1,1,4,0
12,13,0,2,3,4,4,0,1,1,4,0
13,14,0,2,3,5,5,0,1,1,4,0
14,15,0,2,3,4,4,0,1,1,4,0
15,16,0,2,3,4,4,0,1,1,4,0
16,17,0,2,3,4,4,0,1,1,4,0
17,18,0,2,3,5,5,0,1,1,4,0
18,19,0,3,4,5,3,2,5,1,4,0
19,20,0,2,3,5,5,0,1,1,4,0
20,21,0,4,3,1,1,0,1,2,3,1
21,22,0,1,0,3,3,2,0,2,3,1
22,23,0,2,3,1,1,0,1,2,3,1
23,25,0,4,3,1,1,0,1,2,3,1
24,26,0,4,3,1,1,0,1,2,3,1
25,27,0,4,1,1,1,0,1,2,3,1
26,28,0,2,3,1,1,0,1,2,3,1
27,29,0,4,3,1,1,0,1,2,3,1
28,30,0,5,0,3,4,2,0,2,3,1
29,31,0,1,0,3,3,2,0,2,3,1
30,32,0,5,0,3,3,2,0,2,3,1
31,33,0,5,0,3,3,2,0,2,3,1
32,34,0,1,0,3,3,2,0,2,3,1
33,35,0,5,0,3,4,2,0,2,32,1
34,36,0,1,0,3,3,2,0,2,3,1
35,37,0,1,0,3,3,2,0,2,3,1
36,38,0,2,3,1,1,0,1,2,3,1
37,39,0,5,0,2,3,2,0,2,3,1
38,40,0,2,3,1,1,0,1,2,3,1
39,41,0,1,0,3,3,2,0,2,3,1
40,42,0,2,3,1,1,0,1,2,3,1
41,43,0,5,0,3,3,2,0,2,3,1
42,44,0,2,3,1,1,0,1,2,3,1
43,45,0,1,0,3,3,2,0,2,3,1
44,46,0,1,0,3,3,2,0,2,3,1
45,47,0,5,0,3,3,2,0,2,32,1
46,48,0,1,0,3,3,2,0,2,3,1
47,49,0,1,3,2,5,2,0,2,3,1
48,50,0,2,0,2,3,2,1,2,3,1
49,51,0,2,3,1,1,0,0,2,3,1
50,52,0,5,0,3,3,2,0,2,3,1
51,53,0,1,0,3,3,2,0,2,32,1
52,54,0,2,3,3,3,2,1,2,32,1
53,55,0,2,3,5,1,0,1,2,3,1
54,56,0,1,0,3,3,2,0,2,3,1
55,57,0,4,3,1,1,0,1,2,3,1
56,58,0,1,0,3,3,2,0,2,3,1
57,59,0,1,0,3,3,2,0,2,3,1
58,60,0,1,0,3,3,2,0,2,3,1
59,61,0,5,0,3,3,2,0,2,3,1
60,62,0,5,0,3,3,2,0,2,3,1
61,63,0,5,0,3,3,2,0,2,32,1
62,65,0,1,0,3,3,2,0,2,3,1
63,66,0,2,3,1,1,0,1,2,3,1
64,67,0,5,0,2,3,2,0,1,4,0
65,68,0,5,0,3,3,2,0,2,3,1
66,69,0,5,0,3,3,2,0,2,3,1
67,70,0,1,0,2,3,2,0,2,3,1
68,71,0,5,0,1,3,2,0,2,3,1
69,72,0,5,0,3,3,2,0,2,3,1
70,73,0,4,3,1,1,0,1,2,3,1
71,74,0,5,0,3,3,2,5,2,3,1
72,75,0,2,3,1,1,0,1,2,3,1
73,76,0,2,3,1,1,0,1,2,3,1
74,77,0,2,3,1,1,0,1,2,3,1
75,78,0,1,0,3,3,2,0,2,3,1
76,79,0,2,0,1,1,0,1,2,32,1
77,80,0,1,0,3,3,2,0,2,3,1
78,81,0,2,3,1,1,0,1,2,3,1
79,82,0,1,0,3,3,2,0,2,3,1
80,83,0,1,3,1,3,2,0,2,3,1
81,167,0,4,3,4,1,0,1,10,5,8
82,168,0,2,3,4,1,0,1,10,5,8
83,169,0,3,4,4,1,2,5,10,5,8
84,173,0,3,4,2,2,2,5,10,5,8
85,181,0,3,4,2,2,2,5,10,5,8
86,184,0,3,0,3,2,2,5,10,5,0
87,185,0,3,4,4,2,2,5,10,16,2
88,188,0,3,0,2,2,2,5,10,16,2
89,191,0,3,0,4,3,2,5,10,5,2
90,194,0,2,0,4,1,0,1,10,5,8
91,195,0,2,0,4,1,2,1,10,5,8
92,196,0,2,3,4,1,0,1,10,5,8
93,198,0,3,4,2,2,2,5,10,5,8
94,201,0,2,3,4,1,0,1,10,5,8
95,203,0,3,0,2,2,2,5,10,5,8
96,204,0,2,4,4,1,0,1,10,5,8
97,205,0,2,3,4,4,0,1,10,5,8
98,206,2,4,1,1,1,0,3,3,2,4
99,207,0,1,1,5,4,5,0,4,46,4
100,208,2,1,0,5,5,2,0,3,46,4
101,209,0,2,3,5,5,2,1,3,46,4
102,210,0,1,0,5,4,5,0,3,46,4
103,211,2,1,1,5,5,5,0,3,46,4
104,212,2,1,0,5,5,2,0,3,2,4
105,213,2,1,0,5,5,2,0,3,46,4
106,214,2,1,0,2,5,2,0,3,46,4
107,215,2,1,0,5,5,2,0,3,46,4
108,216,2,1,0,2,5,2,0,3,46,4
109,217,2,1,0,5,5,2,0,3,2,4
110,218,2,4,3,5,1,0,1,3,46,4
111,219,2,1,0,3,5,2,0,3,46,4
112,220,0,1,0,2,5,2,0,1,53,0
113,221,2,1,0,5,5,5,0,3,46,4
114,222,2,2,3,5,1,0,1,3,2,4
115,223,2,1,0,5,5,2,0,3,46,4
116,224,0,4,1,1,1,5,1,4,9,6
117,225,0,1,1,5,4,5,0,4,9,6
118,226,0,1,1,5,5,5,0,1,8,6
119,227,0,1,1,5,4,5,0,4,9,6
120,228,0,1,1,5,4,5,0,4,9,6
121,229,0,4,0,5,1,5,0,4,9,6
122,230,0,1,0,5,5,2,0,1,25,0
123,231,0,1,0,2,5,2,0,4,29,6
124,232,0,1,0,2,3,2,0,4,29,6
125,233,0,1,0,3,3,2,0,4,29,6
126,234,0,1,0,5,4,5,0,4,9,6
127,235,0,1,0,2,3,2,0,4,29,6
128,236,0,1,0,5,5,5,0,4,9,1
129,237,0,1,1,5,5,5,0,4,29,6
130,238,0,1,0,2,3,2,0,4,29,6
131,239,0,1,0,5,5,2,0,4,29,6
132,240,0,1,0,5,5,2,0,4,9,6
133,241,0,1,0,2,5,5,0,4,29,6
134,242,0,1,0,2,3,2,0,1,29,0
135,243,0,1,5,4,4,2,0,1,8,0
136,269,0,2,3,1,1,0,1,5,26,1
137,270,0,1,0,2,5,2,0,5,3,1
138,271,0,1,0,2,5,2,0,5,22,7
139,272,0,1,0,3,3,2,0,5,12,7
140,273,0,5,0,3,3,2,0,5,22,7
141,274,0,1,0,2,5,2,0,5,3,1
142,275,0,1,0,3,3,2,0,6,26,1
143,276,0,5,0,3,3,2,0,5,26,1
144,277,0,5,0,3,3,2,0,5,26,1
145,278,0,2,3,1,1,0,1,3,26,4
146,279,0,1,0,3,3,2,0,5,26,1
147,280,0,1,0,3,3,2,0,5,26,1
148,281,0,1,0,3,3,2,0,6,26,1
149,282,0,5,0,3,3,2,0,5,26,1
150,283,0,1,0,3,3,2,0,5,26,1
151,284,0,1,0,3,5,2,0,5,26,1
152,285,0,5,4,3,3,2,5,6,20,1
153,287,0,3,4,2,2,2,5,5,38,7
154,288,0,3,4,2,2,2,5,5,34,7
155,289,0,3,4,3,2,2,5,5,38,7
156,290,0,3,4,2,3,2,5,5,38,7
157,292,0,3,4,2,2,2,5,5,38,7
158,293,0,3,4,2,2,2,5,5,34,7
159,294,0,3,4,2,2,2,5,5,34,7
160,295,0,3,4,3,2,2,5,5,34,7
161,296,0,3,4,3,2,2,5,5,38,7
162,297,0,3,4,2,2,2,5,5,34,7
163,298,0,3,0,2,5,2,5,5,34,7
164,300,0,3,4,2,2,2,5,5,34,7
165,301,0,2,3,5,1,0,1,5,38,7
166,302,0,1,4,2,2,2,0,5,38,7
167,303,0,2,0,2,5,0,1,5,38,7
168,304,0,3,4,3,2,2,5,5,38,7
169,305,0,3,4,2,2,2,5,5,34,7
170,306,0,3,4,2,2,2,5,5,34,7
171,307,0,3,0,2,2,2,5,5,34,7
172,308,0,1,0,2,5,2,0,5,38,7
173,309,0,0,5,4,4,5,4,1,25,0
174,312,0,2,2,4,4,5,4,1,8,6
175,314,0,0,5,4,4,5,4,1,25,0
176,316,0,0,5,4,4,5,4,1,8,6
177,317,0,0,5,4,4,5,2,1,25,0
178,318,0,0,5,4,4,5,4,1,8,0
179,319,0,0,5,4,4,5,4,1,8,6
180,320,0,0,5,4,4,5,4,1,25,0
181,321,0,2,5,4,4,5,4,1,25,0
182,323,0,0,5,4,4,5,4,1,25,0
183,324,0,0,2,4,4,5,4,1,25,0
184,325,0,0,5,5,4,5,4,1,8,6
185,326,0,0,5,4,4,5,4,1,25,0
186,327,0,4,1,5,4,5,3,1,8,6
187,329,0,0,5,4,4,5,4,1,25,0
188,330,0,4,5,5,4,5,4,4,9,6
189,331,0,0,5,4,4,5,4,1,4,0
190,332,0,0,5,4,4,5,4,1,8,6
191,333,0,2,5,4,4,0,4,1,8,0
192,334,0,0,5,4,4,5,4,1,8,6
193,335,0,0,5,4,4,5,4,1,8,0
194,336,0,0,2,4,4,5,4,1,25,0
195,337,0,0,5,4,4,5,4,1,25,0
196,338,0,0,5,4,4,5,4,1,25,0
197,339,0,0,5,4,4,5,4,1,25,0
198,340,0,0,5,4,4,5,4,1,25,0
199,341,0,0,5,4,4,5,4,1,8,6
200,342,0,0,5,4,4,5,4,1,25,0
201,343,0,0,5,4,4,5,4,1,25,0
202,345,0,4,3,4,1,0,1,10,5,8
203,346,0,2,3,4,1,0,1,10,5,8
204,347,0,2,3,4,4,0,1,10,5,8
205,348,0,2,3,4,4,0,1,10,5,8
206,349,0,3,3,4,2,2,5,10,5,8
207,351,0,2,3,5,1,0,1,10,5,8
208,352,0,2,3,4,1,0,1,10,5,8
209,354,0,4,3,1,1,3,1,2,3,1
210,355,0,4,3,1,1,0,1,2,3,1
211,356,0,1,0,3,3,2,0,2,3,1
212,357,0,1,0,3,5,2,0,2,3,1
213,358,0,1,0,3,3,2,0,2,43,1
214,359,0,1,0,3,3,2,0,2,3,1
215,360,0,1,0,2,5,2,0,2,3,1
216,361,0,1,0,3,3,2,0,2,3,1
217,362,0,4,3,1,1,0,1,2,3,1
218,363,0,5,0,3,3,2,0,5,22,7
219,364,0,5,0,3,3,2,0,5,3,1
220,365,0,5,0,3,3,2,0,5,3,1
221,366,0,1,0,3,5,2,0,2,3,1
222,367,0,5,0,3,3,2,0,5,3,1
223,368,0,2,3,1,1,0,1,2,3,1
224,369,0,2,3,3,5,2,0,5,22,7
225,370,0,1,0,4,4,5,0,5,12,7
226,371,0,2,3,1,1,0,1,5,3,1
227,372,0,3,0,3,3,2,5,5,22,7
228,373,0,2,3,1,1,0,1,2,3,1
229,374,0,2,3,1,1,0,1,2,3,1
230,375,0,2,3,1,1,0,1,5,3,7
231,376,0,5,0,3,3,2,0,5,22,7
232,377,0,1,0,2,3,2,0,5,22,7
233,378,0,1,0,3,3,2,0,5,3,1
234,379,0,2,3,1,1,0,1,7,3,5
235,380,0,2,3,1,1,0,1,2,3,1
236,381,0,1,0,3,3,2,0,5,3,1
237,382,0,1,0,2,5,2,0,2,3,1
238,383,0,1,0,3,3,2,0,2,3,1
239,384,0,1,0,3,3,2,0,2,3,1
240,385,0,4,3,1,1,0,1,2,3,1
241,386,0,3,0,3,3,2,0,2,3,1
242,387,0,2,3,1,5,2,0,2,43,1
243,388,0,1,0,4,4,2,0,2,3,1
244,390,0,1,0,3,3,2,0,5,3,1
245,391,0,1,0,3,3,2,0,2,3,1
246,392,0,3,0,2,2,2,5,5,50,7
247,393,0,1,4,2,5,2,0,5,22,7
248,395,0,1,0,3,3,2,0,5,3,1
249,396,0,1,0,3,3,2,0,2,43,1
250,397,0,2,3,1,1,0,1,2,3,1
251,398,0,1,0,3,3,2,0,2,3,1
252,401,0,2,3,4,4,0,1,1,4,0
253,402,0,2,3,4,4,0,1,1,25,0
254,403,0,2,3,4,4,0,1,1,4,0
255,404,0,2,3,4,4,0,1,1,4,0
256,405,0,2,3,4,4,0,1,1,4,0
257,408,0,2,4,4,4,0,1,1,4,0
258,410,0,2,3,4,4,0,1,1,25,0
259,413,0,2,3,4,4,0,1,1,4,0
260,414,0,2,3,4,4,0,1,1,4,0
261,416,0,2,3,4,4,0,1,1,4,0
262,418,0,4,3,1,1,0,1,2,3,1
263,419,0,2,3,1,1,0,1,2,3,1
264,420,0,2,3,1,1,0,1,6,18,1
265,421,0,2,3,1,1,0,1,2,3,1
266,422,0,2,3,1,1,0,1,2,3,1
267,423,0,2,3,3,3,0,1,2,3,1
268,424,0,1,0,3,3,2,0,6,18,1
269,425,0,5,0,3,3,2,0,2,3,1
270,428,0,3,4,3,3,2,5,2,3,1
271,429,0,1,0,3,3,2,0,6,18,1
272,430,0,2,3,1,1,0,1,2,3,1
273,431,0,1,0,1,3,2,0,6,18,1
274,432,0,1,0,2,5,2,0,2,3,1
275,433,0,1,0,3,3,2,0,2,3,1
276,434,0,3,4,3,3,2,0,6,18,1
277,435,0,3,4,3,3,2,5,5,3,1
278,436,0,1,0,3,3,2,0,2,3,1
279,437,0,1,4,3,3,2,0,6,18,1
280,438,0,5,0,3,3,2,0,2,3,1
281,440,0,2,3,1,1,0,1,2,3,1
282,441,0,3,4,3,3,2,5,6,18,1
283,442,0,5,0,3,3,2,0,6,18,1
284,443,0,2,3,1,5,0,1,2,3,1
285,444,0,5,0,3,3,2,0,6,18,1
286,445,0,1,4,3,3,2,0,6,18,1
287,446,0,5,0,3,3,2,0,6,18,1
288,447,0,1,0,3,3,2,0,6,18,1
289,448,0,2,3,1,1,0,1,1,40,0
290,449,0,2,0,2,5,2,5,1,40,0
291,450,0,1,3,5,5,2,0,1,40,0
292,451,0,2,0,2,5,0,1,1,40,0
293,452,0,2,3,1,1,0,1,1,40,0
294,453,0,2,3,3,5,0,1,1,40,0
295,455,0,2,3,5,5,0,1,1,40,0
296,456,0,3,4,3,3,2,5,1,40,0
297,457,0,3,4,2,2,2,5,1,4,0
298,458,0,2,3,5,5,0,1,1,40,0
299,459,0,2,3,5,1,0,1,1,40,0
300,460,0,2,0,2,5,2,5,1,40,0
301,478,0,4,3,1,1,0,1,5,22,7
302,479,0,3,4,2,2,2,5,5,38,7
303,480,0,2,3,1,1,0,1,5,22,7
304,481,0,2,3,1,1,0,1,5,22,7
305,482,0,1,0,2,5,2,0,5,22,7
306,484,0,1,0,3,3,2,0,5,22,7
307,485,0,5,0,3,3,2,0,5,22,7
308,486,0,1,0,3,3,2,0,5,22,7
309,487,0,1,0,3,3,2,0,5,22,7
310,489,0,1,0,3,3,2,0,5,22,7
311,490,0,5,0,3,3,2,0,5,22,7
312,491,0,5,0,3,3,2,2,5,22,7
313,492,0,1,0,3,3,2,0,5,22,7
314,493,0,1,0,3,3,2,0,5,22,7
315,494,0,5,0,3,3,2,0,5,22,7
316,495,0,3,4,2,2,2,5,5,38,7
317,496,0,1,0,3,3,2,0,5,22,7
318,497,0,1,4,3,3,2,0,5,22,7
319,498,0,2,3,1,1,0,1,5,22,7
320,499,0,1,0,3,3,2,0,5,22,7
321,501,0,1,0,3,3,2,0,5,22,7
322,502,0,3,0,3,3,2,0,5,22,7
323,503,0,1,0,3,3,2,0,5,22,7
324,504,0,2,3,1,1,0,1,1,4,0
325,505,0,2,3,1,1,0,1,1,4,0
326,506,0,2,0,5,1,0,1,1,4,0
327,507,0,2,3,1,1,0,1,1,4,0
328,508,0,2,0,1,1,0,1,1,11,0
329,509,0,2,3,1,1,0,1,8,6,3
330,510,0,2,3,1,1,0,1,1,4,0
331,511,0,2,3,5,5,0,1,1,4,0
332,512,0,2,3,2,5,0,1,1,4,0
333,515,0,2,3,2,5,0,1,1,4,0
334,516,0,3,4,3,2,2,5,1,4,0
335,517,0,2,3,4,4,0,1,1,4,0
336,518,0,1,0,2,5,2,5,1,4,0
337,519,0,5,4,3,3,2,5,1,4,0
338,520,0,3,4,2,2,2,5,1,4,0
339,521,0,3,4,3,2,2,5,1,4,0
340,522,0,2,0,5,3,2,5,1,20,0
341,523,0,2,4,3,3,2,5,1,11,0
342,524,0,3,3,2,3,2,5,1,4,0
343,525,0,3,4,3,3,2,5,1,4,2
344,527,0,1,0,2,5,2,0,1,4,0
345,528,0,5,4,3,3,2,0,1,4,0
346,529,0,2,3,2,5,2,1,1,4,0
347,530,0,2,4,2,5,2,1,1,8,0
348,531,0,5,2,3,3,2,0,1,4,0
349,532,0,5,4,3,3,2,5,1,4,0
350,533,0,3,4,3,3,2,5,1,4,0
351,534,0,3,0,3,2,2,5,1,4,0
352,535,0,2,0,2,5,2,5,1,4,0
353,536,0,5,4,3,3,2,5,1,4,0
354,537,0,3,4,3,3,2,5,1,4,0
355,538,0,3,0,3,2,2,5,1,4,0
356,539,0,5,4,3,3,2,5,1,4,0
357,540,0,2,3,5,5,2,5,1,4,0
358,541,0,5,4,3,3,2,5,1,4,0
359,542,0,5,2,3,4,5,2,1,4,0
360,543,0,2,0,1,5,2,1,1,4,0
361,544,0,3,4,3,3,2,5,1,4,0
362,545,0,2,0,2,3,2,1,1,4,0
363,546,0,3,4,3,2,2,5,1,4,0
364,547,0,3,4,2,2,2,5,1,4,0
365,548,0,1,0,3,3,2,0,1,4,0
366,549,0,3,4,2,2,2,5,1,4,0
367,550,0,5,4,3,3,2,5,1,4,0
368,552,0,3,4,2,2,2,5,1,4,0
369,553,0,3,4,3,3,2,5,1,4,0
370,554,0,2,3,5,4,0,1,1,4,0
371,555,0,3,4,3,2,2,5,1,4,0
372,556,0,5,2,4,4,5,2,1,4,0
373,557,0,5,4,3,3,2,5,1,4,0
374,558,0,5,4,3,3,2,5,1,4,0
375,559,0,2,0,2,5,2,5,1,4,0
376,560,0,5,4,3,3,2,5,1,4,0
377,561,0,2,0,3,3,2,5,1,4,0
378,562,0,3,4,3,2,2,5,1,4,0
379,563,0,3,0,2,2,2,5,1,4,0
380,564,0,3,4,3,3,2,5,1,4,0
381,565,0,1,4,3,3,2,0,1,4,0
382,566,0,3,4,3,3,2,5,1,4,0
383,567,0,5,4,3,3,2,5,1,4,0
384,568,0,2,0,2,3,2,5,1,4,0
385,569,0,3,4,3,2,2,5,1,4,0
386,570,0,3,0,3,2,2,5,1,4,0
387,571,0,3,4,2,2,2,5,1,4,0
388,572,0,3,4,3,2,2,5,1,4,0
389,574,0,2,3,5,5,0,1,1,4,0
390,578,0,2,0,5,1,0,1,1,4,0
391,579,0,2,3,5,1,0,1,1,4,0
392,580,0,5,0,5,4,0,1,1,4,0
393,581,0,2,3,1,1,0,1,1,4,0
394,582,0,0,2,4,4,5,4,4,9,6
395,583,0,5,2,4,4,5,2,1,4,0
396,584,0,1,3,5,1,0,0,1,4,0
397,585,0,2,3,5,5,0,1,4,9,6
398,586,0,2,0,5,4,0,1,1,4,0
399,587,0,0,2,4,4,2,4,1,4,0
400,588,0,5,2,5,4,5,0,1,4,6
401,589,0,2,3,5,4,0,1,1,4,0
402,591,0,2,3,5,5,0,1,1,4,0
403,592,0,5,0,3,3,2,0,1,4,0
404,593,0,2,0,3,3,0,1,1,4,0
405,594,0,2,3,5,5,0,1,1,4,0
406,595,0,3,4,5,5,2,5,1,4,0
407,598,0,2,0,5,3,2,5,1,4,0
408,599,0,2,0,2,5,0,1,1,4,0
409,600,0,5,0,5,5,2,0,1,4,0
410,601,0,2,3,5,1,0,1,1,4,0
411,602,0,5,2,4,4,5,2,1,4,0
412,603,0,2,3,5,5,2,0,1,4,0
413,604,0,2,0,4,1,0,1,1,4,0
414,605,0,5,0,4,4,5,1,1,4,0
415,606,0,2,0,5,4,2,1,1,4,0
416,607,0,2,0,5,4,0,1,1,4,0
417,608,0,4,1,5,4,5,3,8,13,2
418,612,0,4,1,5,4,5,3,8,13,2
419,613,0,4,1,5,4,5,1,1,25,0
420,614,0,0,5,4,4,5,4,6,26,1
421,615,0,0,5,4,4,5,4,8,13,2
422,616,0,0,2,4,4,5,4,1,8,6
423,618,0,0,5,4,4,5,4,1,4,0
424,619,0,0,5,4,4,5,4,1,8,6
425,621,0,0,5,4,4,5,4,1,8,6
426,666,0,4,3,1,0,0,3,1,7,0
427,667,0,2,3,1,1,0,1,1,7,0
428,668,0,1,0,2,5,2,0,4,7,0
429,669,0,1,0,2,5,2,0,1,7,0
430,670,0,2,3,1,1,0,1,1,7,0
431,671,0,1,3,5,5,2,0,1,4,0
432,674,0,2,3,1,1,0,1,1,4,0
433,675,0,2,3,5,1,0,1,1,7,0
434,676,0,2,3,1,1,0,1,1,40,0
435,677,0,2,3,1,5,0,1,1,7,0
436,678,0,4,1,5,4,5,3,4,9,6
437,679,0,2,3,1,1,0,1,1,7,0
438,680,0,2,3,1,1,0,1,1,7,0
439,683,0,3,4,3,2,2,5,1,4,0
440,685,0,2,3,3,1,0,1,1,7,0
441,686,0,2,3,5,1,0,1,1,7,0
442,687,0,5,4,3,3,2,5,1,7,0
443,689,0,1,0,5,5,2,0,1,4,0
444,690,0,5,0,2,3,2,5,1,7,0
445,691,0,1,0,3,3,2,0,1,7,0
446,692,0,3,4,2,2,2,5,1,4,0
447,693,0,2,3,1,1,0,1,1,7,0
448,694,0,1,0,5,5,2,0,1,7,0
449,695,0,2,4,2,5,2,5,1,40,0
450,696,0,5,4,3,3,2,5,1,40,0
451,697,0,1,0,2,5,2,0,1,4,0
452,698,0,3,0,2,2,2,5,1,7,0
453,699,0,3,4,2,2,2,5,1,7,0
454,701,0,3,4,2,2,2,5,1,40,0
455,702,0,1,0,5,5,0,0,1,4,0
456,703,0,3,0,2,2,2,5,1,7,0
457,704,0,5,0,2,3,2,0,1,40,0
458,705,0,3,4,2,5,2,5,1,40,0
459,706,0,3,4,2,2,2,5,1,7,0
460,708,0,5,2,4,4,5,2,1,29,6
461,710,0,3,4,2,2,2,5,1,4,0
462,711,0,5,0,2,3,2,5,1,40,0
463,712,0,3,0,2,2,2,5,1,7,0
464,713,0,3,4,3,3,2,5,1,4,0
465,714,0,1,0,2,5,2,0,1,7,0
466,715,0,3,4,2,2,2,5,1,7,0
467,716,0,5,2,4,4,5,0,9,29,0
468,717,0,5,0,3,3,2,5,1,7,0
469,718,0,0,1,4,4,5,4,1,8,6
470,719,0,3,4,2,2,2,5,1,29,0
471,720,0,0,5,4,4,5,4,1,8,6
472,721,0,3,4,3,2,2,5,1,4,0
473,722,0,2,3,5,5,0,1,1,7,0
474,723,0,1,0,2,5,2,0,1,7,0
475,725,0,2,3,2,5,0,1,1,40,0
476,726,0,0,5,4,4,5,4,1,8,6
477,727,0,4,3,1,1,0,1,2,3,0
478,731,0,2,3,1,1,0,1,2,21,2
479,734,0,3,0,2,5,2,5,2,21,2
480,735,0,1,0,2,3,2,0,2,36,1
481,736,0,5,0,3,3,2,0,2,27,2
482,737,0,5,0,3,3,2,5,2,36,0
483,738,0,1,3,2,5,2,0,2,36,0
484,739,0,1,0,2,5,2,0,2,21,2
485,741,0,2,3,1,1,0,1,2,21,2
486,742,0,1,0,3,3,2,0,2,36,1
487,743,0,1,0,2,3,2,0,2,36,0
488,744,0,5,0,2,3,2,0,2,36,0
489,745,0,1,0,2,5,2,0,2,21,2
490,746,0,5,0,3,3,2,5,10,27,2
491,747,0,3,0,2,5,2,5,2,21,2
492,748,0,2,3,1,1,0,1,2,36,0
493,749,0,3,3,2,3,2,5,2,36,1
494,751,0,1,0,2,5,2,0,2,36,0
495,752,0,2,3,5,3,2,5,2,27,2
496,753,0,5,0,3,3,2,0,10,27,2
497,754,0,1,0,1,5,2,0,2,3,1
498,755,0,1,0,2,3,2,0,2,36,0
499,756,0,2,3,2,5,2,0,2,36,0
500,757,0,2,3,1,1,0,1,2,3,0
501,758,0,5,0,3,3,2,5,2,36,0
502,760,0,3,4,3,3,2,5,2,27,2
503,761,0,3,4,3,3,2,5,2,36,0
504,763,0,2,3,1,1,0,1,2,3,1
505,764,0,5,0,3,3,2,5,2,36,0
506,765,0,3,4,2,2,2,5,2,21,2
507,766,0,2,3,1,5,0,1,2,3,1
508,767,0,2,3,1,1,0,1,2,21,2
509,769,0,3,0,2,2,2,5,1,4,0
510,770,0,5,4,5,3,2,5,1,4,0
511,771,0,1,0,5,3,2,0,2,36,0
512,773,0,5,0,5,3,2,0,2,36,0
513,774,0,1,0,3,3,2,0,2,36,0
514,775,0,4,3,5,4,0,3,8,13,2
515,776,0,2,3,5,1,0,1,8,13,2
516,777,0,4,3,5,1,0,1,8,13,2
517,778,0,4,3,5,1,0,3,8,13,2
518,779,0,1,0,5,5,2,0,8,13,2
519,780,0,2,0,5,5,0,1,8,13,2
520,781,0,2,3,5,5,0,1,8,13,2
521,782,0,4,3,5,1,0,3,8,13,2
522,783,0,1,0,5,5,2,0,8,13,2
523,784,0,2,3,5,1,0,1,8,13,2
524,785,0,4,3,5,4,0,1,8,13,2
525,787,0,5,2,4,4,5,2,8,13,2
526,788,0,2,2,3,4,0,1,8,13,2
527,789,0,2,3,5,5,2,0,8,13,2
528,790,0,2,0,5,5,2,1,8,13,2
529,791,0,5,2,4,4,5,2,8,13,2
530,792,0,5,2,4,4,5,2,8,13,2
531,793,0,5,0,5,3,2,0,8,13,2
532,794,0,2,2,5,4,5,1,8,13,2
533,795,0,1,0,2,3,2,0,8,13,2
534,796,0,5,2,4,4,5,2,1,13,0
535,797,0,5,2,5,4,5,0,8,13,2
536,798,0,1,0,5,5,2,0,8,13,0
537,799,0,1,2,5,4,5,0,8,13,2
538,800,0,5,0,5,4,5,1,8,13,2
539,801,0,5,2,4,4,5,2,8,13,2
540,802,0,2,0,5,5,2,5,8,13,2
541,803,0,5,2,5,4,5,0,8,13,2
542,804,0,5,0,5,3,2,0,8,13,2
543,805,0,2,3,5,5,0,1,8,13,2
544,806,0,2,3,5,5,0,1,8,13,2
545,807,0,5,2,5,4,5,1,8,13,2
546,808,0,3,0,5,3,2,5,8,13,2
547,809,0,4,3,1,1,0,1,10,5,8
548,810,0,3,0,2,5,2,5,10,5,8
549,811,0,2,3,1,1,0,1,10,5,8
550,812,0,2,3,1,1,0,1,10,5,8
551,813,0,2,3,1,1,0,1,10,5,8
552,814,0,2,3,1,5,0,1,10,5,8
553,815,0,2,0,2,5,2,5,10,5,8
554,817,0,2,3,2,5,0,1,10,5,8
555,818,0,2,3,1,1,0,1,10,5,8
556,819,0,2,3,1,1,0,1,10,5,8
557,820,0,2,3,1,1,0,1,10,5,8
558,821,0,2,0,2,5,2,5,10,5,8
559,822,0,3,0,2,2,2,5,10,5,8
560,823,0,2,0,2,5,0,5,10,5,8
561,824,0,4,3,1,1,0,1,10,5,8
562,825,0,2,0,2,2,2,5,10,5,8
563,826,0,3,0,2,2,2,5,10,5,8
564,827,0,3,4,2,2,2,5,10,5,8
565,828,0,3,4,2,2,2,5,10,5,8
566,829,0,3,4,2,2,2,5,10,5,8
567,830,0,2,3,1,1,0,1,10,5,8
568,831,0,3,0,2,2,2,5,10,5,8
569,832,0,2,0,2,5,0,5,10,5,8
570,833,0,3,0,2,5,2,5,10,5,8
571,834,0,3,4,2,2,2,5,10,5,8
572,835,0,3,4,2,2,2,5,10,5,8
573,836,0,3,4,2,2,2,5,10,5,8
574,838,0,3,0,2,2,2,5,10,5,8
575,839,0,3,4,2,2,2,5,10,5,8
576,840,0,3,4,2,2,2,5,10,5,8
577,841,0,2,3,1,1,0,1,10,5,8
578,842,0,4,3,5,4,0,3,8,13,2
579,843,0,4,3,5,1,5,1,3,3,4
580,844,0,1,2,5,4,5,0,5,3,1
581,846,0,2,3,5,1,0,1,8,13,2
582,847,0,1,2,5,4,5,0,1,8,6
583,848,0,5,2,4,4,5,2,1,29,6
584,849,0,1,0,5,3,2,0,8,13,2
585,851,0,5,2,5,4,5,2,10,27,2
586,852,0,5,2,4,4,5,2,1,27,0
587,853,0,5,2,4,4,5,2,1,40,0
588,854,0,0,2,4,4,5,4,1,8,10
589,855,0,0,5,4,4,5,4,1,4,0
590,856,0,1,2,5,4,5,0,1,8,0
591,857,0,1,0,5,4,5,0,6,18,0
592,859,0,5,2,4,4,5,2,1,4,0
593,860,0,2,2,5,4,5,1,8,6,3
594,870,0,5,2,5,4,5,2,1,4,0
595,871,0,5,2,4,4,5,4,1,4,0
596,872,0,4,3,5,1,0,1,1,4,0
597,873,0,1,0,5,5,5,0,1,4,0
598,874,0,1,0,5,3,2,0,1,4,0
599,875,0,0,2,4,4,5,4,1,54,6
600,876,0,5,2,4,4,5,2,1,4,0
601,877,0,5,2,4,4,5,2,1,4,0
602,878,0,1,0,5,5,5,0,4,54,6
603,879,0,5,5,4,4,5,2,1,4,0
604,880,0,5,2,4,4,5,2,1,4,0
605,881,0,2,3,5,1,0,1,1,4,0
606,882,0,5,2,4,4,5,2,1,4,0
607,883,0,1,1,5,4,5,0,1,4,0
608,884,0,5,2,4,4,5,2,2,45,1
609,885,0,1,0,5,5,2,0,1,4,0
610,886,0,5,2,5,4,5,0,4,54,6
611,888,0,5,2,4,4,5,4,4,54,6
612,889,0,1,1,5,4,5,0,1,4,0
613,890,2,4,1,1,1,5,3,3,2,4
614,891,0,1,0,5,4,5,0,4,29,6
615,892,0,4,1,5,1,5,1,4,29,6
616,895,0,1,1,5,5,5,0,2,29,0
617,896,2,4,1,5,1,5,3,3,2,4
618,897,0,1,0,2,5,2,1,4,53,6
619,898,0,1,0,2,3,2,0,1,29,0
620,899,0,1,0,3,5,2,0,4,29,6
621,900,0,3,0,2,2,2,5,1,29,0
622,901,0,1,0,2,5,2,0,1,53,0
623,902,0,1,0,2,5,2,0,1,53,0
624,903,0,1,0,5,5,2,0,4,29,6
625,904,0,1,0,3,3,2,0,4,29,6
626,905,0,1,0,5,5,2,0,4,29,6
627,907,0,5,2,4,4,5,2,1,29,6
628,908,0,1,0,2,5,2,0,1,53,0
629,909,0,1,0,2,5,2,0,1,29,0
630,911,2,1,0,2,5,2,0,3,46,4
631,912,0,4,1,5,1,5,1,2,29,0
632,913,0,1,0,5,5,2,0,1,53,0
633,914,0,1,0,3,3,2,0,2,29,0
634,915,0,1,0,2,5,2,0,1,53,0
635,916,0,1,1,5,4,5,0,1,8,6
636,917,0,0,1,4,4,5,4,1,8,6
637,918,0,2,3,1,1,0,1,10,5,2
638,920,0,3,0,2,5,2,5,10,27,2
639,922,0,3,4,2,2,2,5,10,5,2
640,923,0,3,0,3,2,2,5,10,5,2
641,924,0,3,4,2,2,2,5,10,5,2
642,925,0,3,4,3,2,2,5,10,5,2
643,926,0,3,4,2,2,2,5,10,5,2
644,927,0,2,3,5,1,0,1,10,5,2
645,928,0,2,3,1,1,0,1,10,5,2
646,929,0,3,4,2,2,2,5,10,16,2
647,930,0,3,0,3,2,2,5,10,16,2
648,986,1,2,3,1,1,0,1,8,6,3
649,987,2,2,0,1,1,0,1,8,2,4
650,988,0,2,3,1,1,0,1,8,24,2
651,989,0,2,3,1,1,0,1,8,24,3
652,991,1,2,3,1,1,0,1,8,6,3
653,992,0,2,0,1,5,0,1,8,24,3
654,993,0,1,0,2,2,2,0,8,24,3
655,994,0,1,0,3,3,2,0,8,24,3
656,995,0,1,0,2,5,2,0,8,10,2
657,996,1,2,3,1,1,0,1,8,6,3
658,998,0,2,3,1,5,0,1,8,6,3
659,999,0,1,0,2,5,2,0,8,24,3
660,1001,1,2,3,1,1,0,1,8,6,3
661,1002,0,1,0,2,2,2,0,8,24,3
662,1003,0,1,0,2,5,2,0,8,6,3
663,1004,0,1,0,2,2,2,0,8,27,2
664,1005,0,2,3,1,1,0,1,8,10,2
665,1006,0,1,0,2,5,2,5,8,6,3
666,1007,0,2,3,1,1,0,1,10,16,2
667,1008,0,2,3,1,1,0,1,10,16,2
668,1009,0,2,3,1,1,0,1,10,16,2
669,1010,0,2,3,1,1,0,1,10,16,2
670,1011,0,2,0,2,5,0,1,10,16,2
671,1012,0,3,4,2,5,2,5,10,16,2
672,1013,0,3,4,2,2,2,5,10,16,2
673,1014,0,3,4,2,2,2,5,10,16,2
674,1015,0,2,0,2,5,0,5,10,16,2
675,1016,0,3,4,2,2,2,5,10,16,2
676,1017,0,3,0,2,2,2,5,10,16,2
677,1018,0,3,4,2,2,2,5,10,27,2
678,1019,0,1,0,2,5,2,0,10,27,2
679,1020,0,1,0,2,5,2,0,10,16,2
680,1021,0,2,0,2,5,0,1,10,16,2
681,1023,0,3,4,2,2,2,5,10,16,2
682,1024,0,3,4,3,2,2,5,10,16,2
683,1025,0,3,0,2,2,2,5,10,16,2
684,1026,0,1,0,2,5,2,0,10,16,2
685,1027,0,3,4,2,2,2,5,10,16,2
686,1028,0,3,4,2,2,2,5,10,16,2
687,1029,0,3,4,2,2,2,5,10,16,2
688,1030,0,3,4,2,2,2,5,10,16,2
689,1031,0,3,4,2,2,2,5,10,16,2
690,1032,0,3,4,2,2,2,5,10,16,2
691,1033,0,3,4,2,2,2,5,10,16,2
692,1034,0,3,0,2,2,2,5,10,16,2
693,1035,0,3,4,2,2,2,5,10,42,2
694,1036,0,3,4,2,2,2,5,10,27,2
695,1037,0,2,0,2,5,0,1,10,16,2
696,1038,0,3,4,2,2,2,5,10,16,2
697,1039,0,2,3,1,1,0,1,10,16,2
698,1040,0,3,4,2,2,2,5,10,42,2
699,1041,0,3,4,2,2,2,5,10,16,2
700,1044,0,3,4,2,2,2,5,10,16,2
701,1047,0,1,0,2,5,2,0,9,23,9
702,1048,0,1,0,3,5,2,0,1,53,9
703,1049,0,4,1,3,4,5,1,9,23,9
704,1051,0,2,3,2,5,0,1,4,29,6
705,1052,0,1,0,2,5,2,0,1,53,9
706,1053,0,1,0,2,5,2,0,9,23,9
707,1054,0,2,1,1,1,0,1,9,23,9
708,1055,0,2,0,2,5,2,1,4,11,6
709,1056,0,1,0,2,5,2,0,9,23,9
710,1057,0,1,0,2,5,2,0,9,23,9
711,1058,0,1,0,3,3,2,0,9,23,9
712,1059,0,2,0,3,5,2,1,4,29,6
713,1060,0,1,0,3,3,2,0,9,23,9
714,1061,0,2,0,2,5,2,5,6,47,1
715,1062,0,1,0,3,5,2,0,4,53,6
716,1063,0,2,0,2,5,0,1,9,23,9
717,1064,0,1,0,2,3,2,0,9,23,9
718,1065,0,3,0,2,2,2,0,4,53,6
719,1066,0,1,0,2,5,2,0,9,53,9
720,1067,0,1,4,2,2,2,0,9,23,9
721,1068,0,2,0,2,5,0,1,9,39,9
722,1069,0,1,0,5,3,2,0,9,23,9
723,1070,0,1,0,2,5,2,0,9,39,9
724,1071,1,2,3,5,1,0,1,9,23,9
725,1072,0,1,0,2,5,2,0,9,23,9
726,1107,0,2,3,1,1,0,1,8,10,2
727,1108,0,3,0,2,2,2,5,8,10,2
728,1109,0,2,3,1,1,0,1,8,10,2
729,1110,0,2,3,5,1,0,1,10,10,2
730,1111,0,1,0,2,5,2,1,10,10,2
731,1112,0,2,3,1,1,0,1,8,10,2
732,1113,0,3,0,3,2,2,5,8,10,2
733,1115,0,3,0,3,2,2,5,10,10,2
734,1116,0,2,0,2,2,0,5,8,10,2
735,1117,0,2,3,5,1,0,1,10,10,2
736,1118,0,1,0,5,2,2,5,10,10,2
737,1119,0,2,0,3,5,2,5,8,10,2
738,1120,0,1,0,3,2,2,5,10,10,2
739,1121,0,1,0,3,3,2,0,10,10,2
740,1122,0,3,0,5,3,2,5,8,10,2
741,1123,0,3,0,3,2,2,5,8,10,2
742,1124,0,1,0,5,3,2,0,8,10,2
743,1125,0,2,0,2,5,2,5,9,10,2
744,1126,0,3,4,2,2,2,5,8,10,2
745,1127,0,3,0,2,5,2,5,8,10,2
746,1128,0,1,0,3,3,2,5,10,10,2
747,1129,0,1,0,3,5,2,0,10,10,2
748,1130,0,1,0,2,5,2,0,9,10,2
749,1131,0,2,3,5,1,0,1,8,10,2
750,1132,0,3,0,2,2,2,5,8,10,2
751,1133,0,3,0,5,2,2,5,8,10,2
752,1134,0,4,3,1,0,0,3,1,7,0
753,1135,0,4,3,1,1,0,1,1,7,0
754,1136,0,4,1,1,1,5,1,4,11,6
755,1137,0,2,3,2,5,2,1,1,4,0
756,1138,0,2,3,5,5,0,1,1,4,0
757,1139,0,2,3,5,5,0,1,1,4,0
758,1140,0,2,3,1,1,0,1,1,4,0
759,1141,0,4,1,5,1,5,1,4,11,6
760,1142,0,2,3,5,1,0,1,1,4,0
761,1143,0,1,0,2,5,2,0,1,4,0
762,1144,0,3,4,3,2,2,5,1,4,0
763,1146,0,1,0,2,5,2,0,1,7,0
764,1147,0,2,3,5,1,0,1,4,9,6
765,1148,0,2,3,2,5,0,1,1,4,0
766,1149,0,5,0,3,3,0,1,1,4,0
767,1150,0,4,3,1,1,0,1,1,7,0
768,1151,0,5,2,4,4,5,2,1,4,0
769,1152,0,0,5,4,4,5,4,1,4,0
770,1153,0,2,3,4,1,0,1,1,4,0
771,1154,0,5,2,4,4,5,2,1,4,0
772,1155,0,2,0,3,5,2,5,1,4,0
773,1157,0,1,0,5,5,2,0,4,9,6
774,1158,0,2,3,2,5,0,1,1,4,0
775,1159,0,1,3,4,5,2,0,1,4,0
776,1160,0,2,0,1,5,0,1,1,7,0
777,1161,0,2,3,5,5,0,1,1,4,0
778,1163,0,2,3,2,5,0,1,1,7,0
779,1164,0,1,2,3,3,2,0,8,13,0
780,1165,0,4,1,5,1,5,1,4,9,6
781,1166,0,3,4,2,2,2,5,1,4,0
782,1167,0,2,3,2,5,2,1,1,4,0
783,1168,0,2,3,5,5,0,1,1,4,0
784,1169,0,2,3,1,1,0,1,1,7,0
785,1170,0,2,0,3,5,2,1,1,4,0
786,1171,0,2,3,4,5,2,1,1,4,0
787,1172,0,2,0,3,5,0,1,1,4,0
788,1173,0,3,4,2,5,2,5,1,4,0
789,1174,0,2,3,3,3,2,1,1,4,0
790,1175,0,1,0,3,5,2,0,1,4,0
791,1176,2,4,3,1,1,0,3,3,2,4
792,1178,2,5,0,3,3,2,0,3,2,4
793,1179,2,2,3,4,1,0,1,3,2,4
794,1180,2,1,0,5,4,5,0,3,2,4
795,1181,0,1,3,1,1,0,0,9,48,10
796,1184,2,2,3,4,4,0,1,3,2,4
797,1185,0,1,0,2,3,2,0,9,48,10
798,1186,2,4,3,1,1,0,3,3,2,4
799,1187,0,2,3,1,1,0,1,9,48,10
800,1188,2,4,3,5,1,0,1,3,2,4
801,1189,0,2,3,3,3,0,1,9,48,10
802,1190,2,2,3,5,1,0,1,3,2,4
803,1191,0,2,3,3,1,0,1,9,48,10
804,1192,0,2,3,3,3,0,1,9,48,10
805,1193,0,1,3,3,3,2,0,9,48,10
806,1194,0,5,0,3,3,2,0,9,48,10
807,1195,0,1,0,3,3,2,0,9,48,10
808,1196,0,2,3,3,3,0,1,9,48,10
809,1197,0,2,3,5,1,0,1,9,48,10
810,1198,0,4,3,1,1,0,1,8,19,3
811,1200,0,1,0,2,5,2,0,8,19,3
812,1201,0,3,4,2,2,2,5,8,19,3
813,1203,0,1,0,2,5,2,0,8,19,3
814,1204,0,3,4,2,2,2,5,8,19,3
815,1205,0,3,0,2,2,2,5,8,19,3
816,1206,0,1,0,2,5,2,1,8,19,3
817,1207,0,2,0,2,5,0,1,8,19,3
818,1208,0,5,4,3,3,2,5,8,19,3
819,1209,0,3,0,2,5,2,5,8,19,3
820,1210,0,3,4,2,2,2,5,8,19,3
821,1211,0,2,0,2,5,0,1,8,19,3
822,1212,0,2,3,1,1,0,1,8,19,3
823,1213,0,3,0,2,2,2,5,8,19,3
824,1214,0,3,0,3,2,2,5,8,19,3
825,1215,0,3,4,2,2,2,5,8,19,3
826,1217,0,3,4,2,2,2,5,8,20,3
827,1218,0,3,0,2,2,2,5,8,19,3
828,1219,0,1,0,2,5,2,0,8,19,3
829,1220,0,3,4,3,2,2,5,8,19,3
830,1221,0,2,3,5,1,0,1,8,19,3
831,1222,0,3,4,2,2,2,5,8,19,3
832,1223,0,3,4,2,2,2,5,8,19,3
833,1224,0,4,3,1,1,0,1,4,11,6
834,1225,0,2,3,5,1,0,1,4,11,6
835,1226,0,2,3,1,1,0,1,4,11,6
836,1227,0,1,3,5,5,0,0,4,11,6
837,1228,0,2,3,5,5,0,1,4,11,6
838,1229,0,2,3,1,1,0,1,4,11,6
839,1230,0,2,3,1,1,0,1,4,11,6
840,1231,0,4,1,5,1,5,1,4,11,6
841,1232,0,2,3,5,5,0,1,4,11,6
842,1233,0,4,3,1,1,0,1,4,11,6
843,1234,0,2,3,5,1,0,1,4,11,6
844,1235,0,2,3,5,1,0,1,4,11,6
845,1236,0,4,3,1,1,0,1,4,11,6
846,1237,0,2,3,5,5,0,1,4,11,6
847,1238,0,2,3,1,1,0,1,4,11,6
848,1240,0,2,3,3,3,0,1,4,11,6
849,1241,0,2,3,5,5,0,1,4,11,6
850,1242,0,3,4,3,2,2,5,4,11,6
851,1243,0,2,3,1,1,0,1,4,11,6
852,1244,0,3,0,5,5,2,5,4,11,6
853,1246,0,2,3,5,5,0,1,4,8,6
854,1249,0,2,3,5,5,0,1,4,11,6
855,1250,0,2,3,5,1,0,1,4,11,6
856,1251,0,3,3,3,3,2,5,4,7,0
857,1252,0,2,3,5,1,0,1,4,11,6
858,1253,0,3,4,3,2,2,5,4,7,0
859,1254,0,2,3,5,5,0,1,4,11,6
860,1256,0,2,3,5,5,0,1,4,11,6
861,1257,0,2,3,5,5,0,1,4,11,6
862,1258,0,4,3,1,1,0,1,6,3,1
863,1259,0,1,3,1,5,2,0,5,3,1
864,1260,0,1,0,1,1,5,0,6,18,1
865,1261,0,1,0,2,3,2,0,6,47,1
866,1262,0,1,3,2,5,2,0,6,18,1
867,1264,0,5,4,3,3,2,5,6,26,1
868,1265,0,1,0,3,3,2,0,4,18,0
869,1266,0,1,0,2,3,2,0,6,18,1
870,1267,0,5,2,4,4,5,2,6,18,1
871,1268,0,1,0,2,3,2,0,6,18,1
872,1269,0,3,4,3,3,2,5,6,18,1
873,1270,0,1,0,2,3,2,0,5,3,1
874,1271,0,5,4,3,3,2,5,6,47,1
875,1272,0,1,0,2,3,2,0,6,18,1
876,1273,0,5,4,3,3,2,5,6,26,1
877,1274,0,5,0,3,3,2,0,5,3,1
878,1275,0,1,0,3,3,2,0,6,18,1
879,1276,0,5,0,3,3,2,0,6,47,1
880,1277,0,1,0,3,3,2,0,6,18,1
881,1278,0,1,0,3,3,2,0,6,26,1
882,1279,0,1,0,2,3,2,0,4,29,6
883,1280,0,1,0,2,3,2,0,5,3,1
884,1281,0,1,0,2,2,2,0,6,18,1
885,1282,0,5,2,4,4,5,2,6,18,1
886,1284,0,1,0,2,3,2,0,6,26,1
887,1285,0,1,0,2,5,2,0,6,18,1
888,1286,0,1,0,2,3,2,0,6,18,1
889,1287,0,1,0,2,3,2,0,6,18,1
890,1288,0,1,0,3,3,2,0,6,18,1
891,1289,0,5,0,3,3,2,0,6,26,0
892,1290,0,5,0,3,3,2,0,4,29,6
893,1291,0,5,4,3,3,2,0,6,26,1
894,1292,0,1,0,3,3,2,0,6,47,1
895,1293,0,1,0,2,5,2,0,6,18,1
896,1294,0,1,0,2,5,2,0,6,26,1
897,1295,0,1,0,5,3,2,0,6,18,1
898,1296,0,5,0,3,3,2,0,6,26,1
899,1297,0,5,2,4,4,5,2,6,18,1
900,1298,0,1,0,2,3,2,0,5,26,1
901,1299,0,3,4,2,3,2,5,6,18,1
902,1300,0,5,0,3,3,2,0,6,47,1
903,1301,0,1,0,2,3,2,0,6,18,1
904,1302,0,1,0,3,5,2,0,6,26,1
905,1303,0,2,3,1,1,0,1,9,10,1
906,1304,0,1,0,2,5,2,0,9,44,9
907,1305,0,1,0,5,5,2,0,9,10,2
908,1306,0,1,0,2,5,2,0,9,44,9
909,1308,0,1,0,2,5,2,0,6,47,1
910,1309,0,3,4,3,2,2,5,9,44,9
911,1310,0,1,0,3,5,2,0,9,44,9
912,1311,0,3,4,3,3,2,5,6,47,1
913,1312,0,3,4,3,2,2,5,9,44,9
914,1313,0,3,4,3,3,2,5,9,44,9
915,1314,0,3,4,3,2,2,5,6,47,1
916,1315,0,2,3,1,1,0,1,9,10,2
917,1316,0,1,0,2,5,2,0,9,10,2
918,1317,0,3,4,2,2,2,5,9,44,9
919,1319,0,5,4,3,3,2,5,6,47,1
920,1320,0,3,4,2,2,2,5,9,44,9
921,1321,0,1,0,2,5,2,0,9,10,2
922,1322,0,3,4,3,2,2,5,6,47,1
923,1323,0,3,4,2,2,2,5,8,10,2
924,1324,0,5,4,3,4,2,5,6,47,1
925,1325,0,3,4,3,3,2,5,9,44,9
926,1326,0,5,2,3,3,5,2,6,47,1
927,1327,0,5,4,3,3,2,5,6,47,1
928,1328,0,3,4,3,2,2,5,9,44,9
929,1329,0,1,0,2,2,2,0,9,44,9
930,1330,0,3,4,2,2,2,5,9,44,9
931,1331,0,3,4,3,2,2,5,1,44,0
932,1333,0,2,3,1,1,0,1,0,41,0
933,1334,0,2,0,1,1,0,1,4,41,6
934,1335,0,5,4,3,3,2,5,1,41,0
935,1336,0,5,4,3,3,2,5,0,41,0
936,1337,0,1,0,3,3,2,0,0,41,0
937,1338,0,1,0,2,3,2,0,2,45,1
938,1339,0,5,4,3,3,2,5,0,41,0
939,1340,0,3,4,2,2,2,5,0,41,0
940,1341,0,1,0,2,3,2,0,2,45,1
941,1343,0,5,0,2,3,2,5,0,41,0
942,1344,0,3,4,2,2,2,5,0,41,0
943,1345,0,3,4,2,3,2,5,0,37,0
944,1346,0,3,4,2,2,2,5,0,41,0
945,1347,0,3,4,3,3,2,5,0,37,0
946,1348,0,3,4,2,2,2,5,0,37,0
947,1349,0,3,0,3,3,2,5,0,41,0
948,1350,0,3,4,2,3,2,5,0,41,0
949,1351,0,5,4,3,3,2,5,2,41,1
950,1352,0,5,4,3,3,2,5,0,41,0
951,1353,0,3,4,2,3,2,5,0,37,0
952,1355,0,3,4,2,3,2,5,0,41,0
953,1356,0,3,0,2,5,2,5,0,41,0
954,1357,0,5,0,3,3,2,5,1,25,0
955,1358,0,3,4,2,3,2,5,0,41,0
956,1392,2,1,0,5,5,2,0,3,2,4
957,1393,2,2,3,5,5,0,1,3,2,4
958,1394,2,2,3,1,1,0,1,3,2,4
959,1395,2,4,1,0,0,1,3,3,2,4
960,1396,2,4,1,1,1,1,3,3,2,4
961,1397,2,4,1,1,1,1,3,3,2,4
962,1398,2,4,1,1,1,5,3,3,2,4
963,1399,2,4,0,5,1,2,3,3,2,4
964,1400,2,4,1,1,1,1,1,3,2,4
965,1401,2,2,3,5,1,0,1,3,46,4
966,1402,2,4,1,0,1,1,3,3,2,4
967,1403,2,2,3,1,1,0,1,3,2,4
968,1404,2,2,3,5,5,0,1,3,46,4
969,1405,2,2,3,1,1,0,1,3,2,4
970,1406,2,2,3,2,1,0,1,3,46,4
971,1407,2,2,3,1,1,0,1,3,2,4
972,1408,2,4,1,1,1,1,3,3,2,4
973,1409,2,4,1,1,1,1,3,3,2,4
974,1410,0,2,3,5,1,0,1,5,3,1
975,1411,0,2,3,5,1,0,1,5,3,1
976,1412,0,3,4,2,2,2,5,5,51,1
977,1413,0,2,0,1,5,0,1,5,12,1
978,1414,0,3,0,2,5,2,5,5,12,1
979,1415,0,3,4,2,2,2,5,5,14,7
980,1416,0,1,4,2,2,2,0,5,12,1
981,1417,0,3,4,2,2,2,5,5,51,1
982,1419,0,3,4,2,2,2,5,5,51,1
983,1420,0,3,4,2,2,2,5,5,51,1
984,1421,0,3,4,2,3,2,5,5,51,1
985,1422,0,1,0,2,5,2,0,5,12,1
986,1423,0,3,4,2,2,2,5,5,12,1
987,1425,0,1,0,2,5,2,0,5,51,1
988,1426,0,3,4,2,2,2,5,5,3,1
989,1427,0,3,0,2,5,2,5,5,12,1
990,1428,0,3,4,2,2,2,5,5,51,1
991,1429,0,3,0,2,2,2,5,5,12,1
992,1430,0,4,1,5,4,5,3,1,8,6
993,1431,0,1,0,4,4,5,0,1,4,0
994,1438,0,0,5,4,4,5,4,0,37,0
995,1439,1,4,1,0,0,1,3,7,1,5
996,1440,1,2,1,1,1,1,1,8,6,3
997,1443,1,4,1,0,0,1,3,7,1,5
998,1444,1,4,1,0,0,1,3,7,1,5
999,1445,1,4,1,0,1,1,3,8,6,3
1000,1446,2,4,1,1,1,1,3,3,2,4
1001,1447,1,2,1,1,1,1,1,8,6,3
1002,1448,1,4,1,0,0,1,3,7,1,5
1003,1449,0,2,3,1,5,0,1,8,15,3
1004,1453,1,4,1,1,1,1,3,7,1,5
1005,1454,1,2,3,5,1,0,1,8,6,3
1006,1456,1,4,1,0,0,1,3,7,1,5
1007,1457,1,4,1,1,0,1,3,7,1,5
1008,1459,1,4,1,0,0,1,3,7,1,5
1009,1461,1,4,1,0,1,1,3,8,6,3
1010,1463,1,2,3,1,1,0,1,8,6,3
1011,1464,1,4,1,1,1,1,3,7,1,5
1012,1465,1,4,1,0,0,1,3,7,1,5
1013,1467,1,4,1,0,0,1,3,7,1,5
1014,1468,1,4,1,0,1,1,1,8,6,3
1015,1472,1,4,1,0,1,1,3,8,6,3
1016,1473,0,2,0,1,1,0,1,8,19,3
1017,1474,0,1,0,5,5,2,0,8,19,3
1018,1475,1,4,1,0,0,1,3,7,1,5
1019,1477,1,2,3,1,1,0,1,8,6,3
1020,1478,0,2,0,1,5,0,1,8,15,3
1021,1480,1,4,1,1,1,1,1,8,6,3
1022,1481,1,4,1,1,1,1,3,8,6,3
1023,1483,1,2,0,1,1,0,1,8,6,3
1024,1484,1,4,1,1,1,1,1,8,6,3
1025,1486,0,2,3,1,1,0,1,8,49,3
1026,1488,1,4,1,1,1,1,3,8,6,3
1027,1489,1,2,3,1,1,0,1,8,6,3
1028,1490,1,2,1,1,1,0,1,8,6,3
1029,1491,1,4,1,1,1,1,1,8,6,3
1030,1492,1,2,1,1,1,0,1,8,6,3
1031,1493,1,4,1,0,0,1,3,7,1,5
1032,1494,0,1,0,2,5,2,0,8,49,3
1033,1495,1,2,3,1,1,0,1,8,6,3
1034,1496,1,2,1,1,1,1,1,8,6,3
1035,1500,1,4,1,0,1,1,3,8,6,3
1036,1501,1,4,1,1,1,1,1,8,6,3
1037,1504,1,2,0,1,1,0,1,8,6,3
1038,1506,2,4,1,5,0,5,3,4,9,6
1039,1507,2,4,1,5,1,5,3,4,9,6
1040,1508,2,4,1,5,4,5,3,4,9,6
1041,1509,0,1,1,5,4,5,0,4,9,6
1042,1510,0,1,1,5,4,5,0,4,9,6
1043,1511,0,4,1,5,4,5,3,4,9,6
1044,1512,0,4,1,5,4,5,3,4,9,6
1045,1518,2,4,1,5,1,5,1,3,2,4
1046,1519,0,1,1,5,4,5,0,4,9,6
1047,1520,0,1,0,5,4,5,0,4,9,6
1048,1521,0,4,1,5,4,5,3,4,9,6
1049,1522,0,1,0,5,5,2,0,4,4,0
1050,1523,0,4,3,1,1,0,3,8,24,3
1051,1525,0,2,3,1,1,0,1,8,24,3
1052,1526,0,2,3,1,1,0,1,8,6,3
1053,1527,0,2,3,1,1,0,1,8,24,3
1054,1528,0,3,0,2,5,2,5,8,24,3
1055,1529,0,1,0,2,5,2,0,8,24,3
1056,1530,0,1,0,2,2,2,0,5,20,7
1057,1532,0,3,0,2,5,2,5,8,24,3
1058,1533,0,3,0,2,5,2,5,6,26,1
1059,1534,0,3,0,2,2,2,5,5,34,7
1060,1535,0,1,0,2,5,2,0,8,24,3
1061,1536,0,3,0,2,2,2,5,8,24,3
1062,1537,0,3,4,2,2,2,5,5,34,7
1063,1539,0,2,3,1,1,0,1,8,24,3
1064,1540,0,2,3,1,1,0,1,8,24,3
1065,1541,0,3,4,2,2,2,5,5,20,7
1066,1542,0,3,4,2,2,2,5,5,20,7
1067,1543,0,3,4,2,2,2,5,5,20,7
1068,1544,0,1,4,2,2,2,0,5,20,7
1069,1545,0,3,4,2,2,2,5,6,26,1
1070,1546,0,3,0,2,2,2,5,8,24,3
1071,1547,0,3,4,2,2,2,5,6,26,1
1072,1548,0,3,4,2,2,2,5,5,34,7
1073,1549,0,1,0,2,5,2,0,8,24,3
1074,1550,0,1,0,2,5,2,0,5,20,7
1075,1551,0,3,4,2,2,2,5,6,20,1
1076,1552,0,3,4,3,2,2,5,5,20,7
1077,1553,0,2,3,1,1,0,1,8,24,3
1078,1554,0,3,0,2,2,2,5,5,20,7
1079,1555,0,3,0,2,2,2,5,5,34,7
1080,1556,0,3,0,2,2,2,5,5,20,7
1081,1557,0,1,4,2,5,2,0,8,24,3
1082,1558,0,3,0,2,5,2,5,6,26,1
1083,1559,0,3,4,2,2,2,5,5,20,7
1084,1560,0,2,3,1,1,0,1,8,24,3
1085,1561,0,3,4,2,2,2,5,5,20,7
1086,1562,0,2,0,1,5,0,5,5,20,7
1087,1563,0,2,3,1,1,0,1,8,24,3
1088,1564,0,3,4,2,2,2,5,5,20,7
1089,1565,0,3,4,2,5,2,5,5,20,7
1090,1566,0,3,4,2,2,2,5,5,20,7
1091,1567,0,3,4,2,2,2,5,5,20,7
1092,1568,0,1,0,2,5,2,0,8,24,3
1093,1569,0,3,4,2,2,2,5,5,20,7
1094,1570,0,3,0,2,5,2,5,6,26,1
1095,1571,0,3,0,2,2,2,5,6,26,1
1096,1572,0,2,0,2,5,0,1,6,26,1
1097,1573,0,3,4,2,2,2,5,6,26,1
1098,1574,0,3,0,2,2,2,5,5,20,7
1099,1575,2,4,3,1,1,0,1,3,2,4
1100,1577,2,2,0,1,1,0,1,3,2,4
1101,1578,0,1,0,1,5,2,0,9,35,3
1102,1579,0,1,0,3,2,2,5,9,30,10
1103,1580,0,3,4,2,2,2,5,9,35,3
1104,1581,0,1,0,2,5,2,0,9,35,3
1105,1582,2,3,0,2,2,2,5,9,35,3
1106,1583,2,1,0,2,5,2,0,3,2,4
1107,1584,0,3,3,3,2,2,5,9,35,3
1108,1585,0,3,4,3,2,2,5,9,35,3
1109,1586,2,2,3,1,1,0,1,3,2,4
1110,1587,0,3,4,2,2,2,5,9,35,3
1111,1588,0,1,0,2,5,2,0,9,30,10
1112,1589,0,1,0,5,5,2,0,9,39,9
1113,1590,0,3,4,3,2,2,5,9,30,10
1114,1591,0,3,0,2,2,2,5,9,30,10
1115,1592,0,1,0,1,5,2,0,9,30,10
1116,1593,2,3,4,2,2,2,5,3,35,4
1117,1594,0,3,0,2,2,2,5,9,30,10
1118,1595,2,1,0,2,5,2,0,3,2,4
1119,1596,0,1,0,3,3,2,5,9,30,10
1120,1597,0,4,3,1,1,0,3,1,7,0
1121,1598,0,4,3,1,1,0,1,1,7,0
1122,1599,0,2,3,1,1,0,1,1,7,0
1123,1600,0,2,3,1,1,0,1,1,7,0
1124,1601,0,4,1,5,1,1,3,1,7,0
1125,1602,0,2,4,3,2,2,5,1,4,0
1126,1603,0,2,3,5,1,0,1,1,4,0
1127,1604,0,2,3,5,5,0,1,4,11,6
1128,1605,0,3,4,2,2,2,5,1,4,0
1129,1606,0,3,4,3,3,2,5,1,4,0
1130,1607,0,3,4,2,2,2,5,1,4,0
1131,1608,0,1,3,2,5,2,0,1,7,0
1132,1609,0,2,3,2,5,0,1,1,4,0
1133,1610,0,3,0,2,5,2,5,1,4,0
1134,1611,0,2,4,2,5,0,1,1,7,0
1135,1612,0,2,0,2,5,2,1,1,7,0
1136,1613,0,3,4,3,2,2,5,1,4,0
1137,1614,0,3,4,2,2,2,5,1,4,0
1138,1615,0,2,3,1,1,0,1,1,4,0
1139,1616,0,2,0,2,2,2,5,1,4,0
1140,1617,0,3,4,2,2,2,5,1,4,0
1141,1618,0,3,0,2,5,2,5,1,7,0
1142,1619,0,2,0,2,5,0,1,1,7,0
1143,1620,0,4,3,1,1,0,1,1,7,0
1144,1621,0,2,3,2,5,2,5,1,7,0
1145,1622,0,3,4,3,2,2,5,1,4,0
1146,1623,0,2,3,5,5,0,1,1,4,0
1147,1624,0,1,0,2,5,2,0,1,4,0
1148,1625,0,2,3,2,5,2,1,1,7,0
1149,1626,0,3,0,2,2,2,5,1,4,0
1150,1627,0,3,0,2,2,2,5,1,4,0
1151,1628,0,2,3,5,5,0,5,1,4,0
1152,1629,0,2,3,2,5,2,5,1,7,0
1153,1630,0,2,3,2,5,2,5,1,4,0
1154,1631,0,2,0,2,5,2,5,1,7,0
1155,1632,0,4,3,1,1,0,1,0,17,0
1156,1633,0,1,0,3,3,2,0,0,17,0
1157,1634,0,2,4,3,5,0,1,0,17,0
1158,1635,0,5,4,3,3,2,5,0,17,0
1159,1636,0,5,2,3,3,5,2,0,17,0
1160,1637,0,3,4,2,2,2,5,0,17,0
1161,1638,0,1,0,2,5,2,0,0,17,0
1162,1639,0,1,0,2,5,2,0,0,17,0
1163,1640,0,5,4,3,3,2,5,0,17,0
1164,1641,0,1,0,2,3,2,0,0,17,0
1165,1642,0,3,4,3,2,2,5,0,17,0
1166,1643,0,1,0,2,5,2,0,0,17,0
1167,1644,0,5,0,2,3,2,0,0,17,0
1168,1645,0,5,0,2,3,2,5,0,17,0
1169,1646,0,1,0,2,3,2,0,0,17,0
1170,1647,0,3,0,3,2,2,5,0,17,0
1171,1648,0,3,4,2,3,2,5,0,17,0
1172,1649,0,5,2,3,3,5,0,0,17,0
1173,1650,0,1,0,3,3,2,0,0,17,0
1174,1651,0,3,4,3,3,2,5,0,17,0
1175,1652,0,2,3,1,1,0,1,0,17,0
1176,1653,0,1,0,2,3,2,0,0,17,0
1177,1654,0,5,0,2,3,2,5,0,17,0
1178,1655,0,3,0,2,2,2,5,0,17,0
1179,1656,0,3,4,2,5,2,5,0,17,0
1180,1657,0,5,4,3,3,2,5,1,17,0
1181,1658,0,1,0,2,5,2,0,0,17,0
1182,1659,0,2,3,2,5,0,0,0,17,0
1183,1660,0,3,4,3,2,2,5,0,17,0
1184,1661,0,1,4,2,3,2,0,0,17,0
1185,1662,0,5,2,4,4,5,2,0,17,0
1186,1663,0,1,4,2,2,2,0,0,17,0
1187,1664,0,5,0,3,3,2,5,0,17,0
1188,1665,0,4,3,1,1,0,1,2,3,1
1189,1666,0,3,0,2,5,2,0,2,3,1
1190,1667,0,2,3,1,1,0,1,2,43,1
1191,1668,0,2,3,1,1,0,1,2,3,1
1192,1669,0,1,0,5,5,2,0,2,32,1
1193,1670,0,1,3,2,5,2,0,2,32,1
1194,1671,0,1,0,2,5,2,0,2,32,1
1195,1672,0,2,3,5,1,0,1,2,32,1
1196,1673,0,2,3,5,1,0,1,2,32,1
1197,1674,0,2,3,2,1,0,1,2,32,1
1198,1675,0,2,3,1,5,2,1,2,52,1
1199,1676,0,1,0,5,5,5,0,2,32,1
1200,1678,0,3,0,3,2,2,5,2,32,1
1201,1679,0,1,0,3,5,2,0,2,32,1
1202,1680,0,3,4,3,2,2,5,2,52,1
1203,1681,0,3,4,3,3,2,5,2,43,1
1204,1682,0,1,0,3,3,2,0,2,32,1
1205,1683,0,2,0,2,1,0,1,2,43,1
1206,1685,0,3,0,2,2,2,5,2,52,1
1207,1686,0,1,0,3,5,2,0,2,32,1
1208,1687,0,1,0,3,3,2,0,2,52,1
1209,1688,0,1,0,3,3,2,0,2,32,1
1210,1689,0,3,4,2,2,2,5,2,52,1
1211,1690,0,3,0,2,2,2,5,10,52,2
1212,1691,0,3,4,3,3,2,5,2,43,1
1213,1692,0,1,0,2,3,2,0,2,32,1
1214,1693,0,1,0,2,3,2,0,2,52,1
1215,1694,0,1,0,3,3,2,0,2,32,1
1216,1696,0,1,0,2,3,2,0,10,52,2
1217,1697,0,1,0,3,3,2,0,10,52,2
1218,1698,0,1,4,2,2,2,0,2,3,1
1219,1699,0,1,0,3,3,2,0,2,32,1
1220,1700,0,1,0,3,5,2,0,2,32,1
1221,1701,0,1,0,5,5,2,0,2,32,1
1222,1702,0,1,0,3,3,2,0,2,43,1
1223,1703,0,1,0,3,3,2,0,2,52,1
1224,1704,0,2,3,2,1,0,1,2,52,1
1225,1705,0,1,0,3,3,2,0,2,32,1
1226,1706,0,1,0,3,3,2,0,2,20,1
1227,1707,0,2,3,1,1,0,1,5,33,3
1228,1708,0,1,0,2,5,2,0,5,33,1
1229,1709,0,2,0,1,5,0,1,5,33,3
1230,1710,0,1,0,2,2,2,0,5,33,3
1231,1711,0,1,0,2,2,2,0,5,33,3
1232,1712,0,1,0,3,2,2,0,5,33,3
1233,1714,0,3,4,2,2,2,5,5,33,3
1234,1715,0,1,0,2,2,2,0,5,33,3
1235,1717,0,3,0,2,2,2,5,5,33,3
1236,1718,0,3,4,2,2,2,5,5,51,1
1237,1719,0,3,4,3,5,2,5,5,33,3
1238,1722,0,3,4,2,2,2,5,5,33,3
1239,1724,0,3,4,2,2,2,5,5,33,3
1240,1725,0,3,4,2,2,2,5,5,33,3
1241,1726,0,2,3,1,1,0,1,5,33,3
1242,1727,0,3,4,2,2,2,5,5,33,3
1243,1728,0,1,0,2,2,2,0,5,33,3
1244,1730,0,5,0,3,3,2,0,5,33,3
1245,1731,0,1,0,3,5,2,0,5,33,3
1246,1732,0,3,4,2,2,2,5,5,33,3
1247,1733,0,1,0,3,2,2,0,5,33,3
1248,1737,0,3,4,2,2,2,5,5,14,7
1249,1738,0,3,4,2,2,2,5,5,14,7
1250,1739,0,3,4,2,2,2,5,5,14,7
1251,1740,0,2,3,1,1,0,1,5,12,7
1252,1741,0,3,4,3,2,2,5,5,34,7
1253,1742,0,1,0,2,5,2,0,5,12,7
1254,1743,0,3,4,2,2,2,5,5,34,7
1255,1744,0,3,4,2,2,2,5,5,38,7
1256,1745,0,3,4,2,2,2,5,5,14,7
1257,1746,0,3,4,2,2,2,5,10,21,2
1258,1747,0,3,4,2,2,2,5,5,14,7
1259,1749,0,3,4,2,2,2,5,5,12,2
1260,1750,0,3,4,2,2,2,5,5,12,7
1261,1751,0,3,4,2,2,2,5,5,14,7
1262,1752,0,3,0,2,5,2,5,5,7,7
1263,1753,0,3,4,2,2,2,5,5,34,7
1264,1754,0,5,0,3,3,2,5,10,21,2
1265,1755,0,3,4,2,2,2,5,5,34,7
1266,1756,0,3,4,2,2,2,5,5,38,7
1267,1757,0,3,4,2,2,2,5,5,34,7
1268,1758,0,2,3,1,1,0,1,5,24,7
1269,1759,0,3,4,2,2,2,5,5,14,7
1270,1760,0,3,4,2,5,2,5,5,21,2
1271,1761,0,3,4,2,2,2,5,5,34,7
1272,1762,0,3,4,2,2,2,5,5,14,7
1273,1764,2,2,3,1,1,0,1,3,30,10
1274,1765,2,2,3,1,1,0,1,3,2,4
1275,1766,0,1,0,2,5,2,0,9,30,10
1276,1768,2,1,0,2,5,2,0,3,30,9
1277,1769,0,1,0,2,5,2,0,9,30,10
1278,1770,0,1,0,2,5,2,0,9,30,10
1279,1771,0,3,4,2,2,2,5,9,30,10
1280,1773,0,3,4,2,2,2,5,9,30,10
1281,1774,0,3,0,3,2,2,5,9,30,10
1282,1775,0,3,4,2,2,2,5,9,30,10
1283,1776,0,1,0,2,2,2,0,9,30,10
1284,1777,0,3,0,2,2,2,5,9,30,10
1285,1778,0,2,0,2,5,0,1,9,30,10
1286,1780,0,1,0,2,5,2,0,9,30,10
1287,1781,0,1,0,2,2,2,0,4,30,10
1288,1782,2,1,0,2,5,2,0,3,30,10
1289,1783,2,2,1,1,1,0,1,3,30,10
1290,1784,0,3,4,2,2,2,5,9,30,10
1291,1785,0,1,0,2,5,2,0,9,30,10
1292,1786,0,1,0,2,5,2,0,9,30,10
1293,1787,0,3,3,2,2,2,5,9,30,10
1294,1788,0,2,0,2,5,0,1,1,30,10
1295,1845,0,4,3,1,1,0,1,8,15,3
1296,1846,0,2,0,2,5,0,1,8,12,3
1297,1848,0,3,4,2,2,2,5,5,12,3
1298,1849,0,3,4,2,2,2,5,5,34,7
1299,1850,0,3,4,2,2,2,5,8,15,3
1300,1851,0,3,4,2,2,2,5,5,34,7
1301,1852,0,3,4,2,2,2,5,8,12,3
1302,1853,0,3,0,2,2,2,5,8,12,3
1303,1854,0,3,4,2,2,2,5,5,12,3
1304,1855,0,3,4,2,2,2,5,5,12,3
1305,1856,0,3,4,2,2,2,5,8,15,3
1306,1857,0,3,4,2,2,2,5,5,12,3
1307,1858,0,3,4,3,2,2,5,5,34,7
1308,1859,0,1,0,2,5,2,5,5,12,3
1309,1860,0,3,4,2,2,2,5,5,12,3
1310,1861,0,2,0,2,5,0,1,8,15,3
1311,1862,0,3,0,2,2,2,5,5,12,3
1312,1863,0,2,0,1,1,0,1,8,15,3
1313,1864,0,3,4,2,2,2,5,5,12,3
1314,1865,0,3,4,2,2,2,5,5,12,3
1315,1868,0,3,4,2,2,2,5,5,12,3
1316,1869,0,1,0,2,2,2,0,5,12,3
1317,1870,0,3,4,2,2,2,5,5,12,3
1318,1871,0,3,4,3,2,2,5,1,12,3
1319,1872,0,3,4,2,2,2,5,5,12,3
1320,1873,0,3,0,2,2,2,5,5,12,3
1321,1874,0,4,3,1,1,0,1,10,28,2
1322,1875,0,2,3,1,1,0,1,10,28,2
1323,1876,0,2,3,1,1,0,1,10,28,2
1324,1877,0,4,3,1,1,0,1,10,28,2
1325,1878,0,1,0,2,5,2,0,10,21,2
1326,1879,0,2,0,1,1,0,1,10,28,2
1327,1880,0,3,0,2,5,2,5,2,43,1
1328,1881,0,2,3,1,1,0,1,10,21,2
1329,1883,0,2,3,1,1,0,1,10,28,2
1330,1884,0,3,4,2,2,2,5,10,28,2
1331,1885,0,1,0,2,5,2,0,10,28,2
1332,1886,0,3,0,2,2,2,5,10,28,2
1333,1887,0,3,4,2,2,2,5,10,28,2
1334,1888,0,3,0,2,2,2,5,10,28,2
1335,1889,0,3,0,2,2,2,5,10,28,2
1336,1890,0,2,3,1,1,0,1,10,28,2
1337,1891,0,3,4,2,2,2,5,10,28,2
1338,1892,0,3,4,2,2,2,5,2,43,1
1339,1893,0,3,0,2,5,2,5,2,43,1
1340,1894,0,1,0,2,2,2,0,10,28,2
1341,1895,0,1,0,2,5,2,0,10,28,2
1342,1896,0,3,4,2,2,2,5,2,43,1
1343,1897,0,3,4,2,2,2,5,2,43,1
1344,1898,0,3,4,3,2,2,5,10,28,2
1345,1899,0,1,0,2,5,2,0,10,28,2
1346,1900,0,3,0,2,5,2,5,10,28,2
1347,1901,0,3,0,2,2,2,5,10,28,2
1348,1902,0,3,0,3,3,2,5,2,43,1
1349,1903,0,3,4,2,2,2,5,10,28,2
1350,1904,0,1,0,3,5,2,0,2,43,1
1351,1905,0,2,3,1,1,0,1,10,28,2
1352,1906,0,2,3,1,1,0,1,10,21,2
1353,1907,0,3,4,2,2,2,5,10,28,2
1354,1908,0,3,4,3,2,2,5,2,43,1
1355,1909,0,3,4,2,2,2,5,2,43,1
1356,1910,0,3,0,2,2,2,5,10,21,2
1357,1912,0,2,4,2,4,0,1,2,21,2
1358,1915,0,3,4,2,2,2,5,10,42,2
1359,1916,0,3,0,2,2,2,5,5,14,7
1360,1917,0,3,4,2,2,2,5,10,27,2
1361,1918,0,3,4,2,2,2,5,10,20,2
1362,1919,0,2,3,1,1,0,1,10,42,2
1363,1920,0,2,0,1,1,0,1,10,14,2
1364,1921,0,3,4,2,2,2,5,10,21,2
1365,1922,0,2,3,1,1,0,1,2,21,2
1366,1923,0,3,4,3,2,2,5,10,21,2
1367,1924,0,3,4,2,2,2,5,10,42,2
1368,1925,0,3,4,3,3,2,5,5,20,2
1369,1926,0,3,4,2,2,2,5,5,14,7
1370,1927,0,3,4,2,2,2,5,10,42,2
1371,1928,0,3,4,2,2,2,5,10,28,2
1372,1929,0,3,4,2,2,2,5,10,27,2
1373,1930,0,3,0,2,5,2,5,10,27,2
1374,1931,0,3,0,2,5,2,5,10,42,2
1375,1932,0,3,0,2,2,2,5,1,4,2
1376,1933,0,3,4,3,2,2,5,10,27,2
1377,1934,0,2,0,2,5,0,1,10,42,2
1378,1935,0,3,4,3,2,2,5,10,27,2
1379,1936,0,2,0,2,1,2,1,10,42,2
1380,1937,0,3,0,3,2,2,5,10,42,2
1381,1938,0,5,4,3,3,2,5,10,28,2
1382,1939,0,3,0,2,5,2,5,10,20,2
1383,1940,0,3,4,2,2,2,5,10,42,2
1384,1941,0,3,4,2,2,2,5,10,42,2
1385,1942,0,1,4,2,2,2,0,10,42,2
1386,1943,0,3,4,2,2,2,5,5,14,7
1387,1944,0,3,4,2,2,2,5,5,14,7
1388,1945,0,3,4,2,2,2,5,10,27,2
1389,1947,0,1,0,2,5,2,0,10,42,2
1390,1948,0,3,0,2,5,2,5,10,27,2
1391,1949,0,3,4,2,2,2,5,5,14,7
1392,1950,0,3,0,2,5,2,5,10,42,2
1393,1951,0,3,0,2,2,2,5,10,21,2
1394,1952,0,2,3,1,1,0,1,10,42,2
1395,1954,0,5,0,4,4,5,0,1,8,0
1396,1955,0,0,5,5,4,5,4,1,8,2
1397,1956,0,1,0,5,4,5,0,1,8,0
1398,1957,0,4,1,5,4,5,3,1,8,0
1399,1958,0,0,5,4,4,5,4,1,8,0
1400,1959,0,5,0,4,4,5,2,1,8,0
1401,1960,0,1,0,5,4,5,0,1,8,0
1402,1961,0,4,1,5,4,5,0,1,8,6
1403,1962,0,1,1,5,4,5,0,1,8,6
1404,1963,0,1,0,5,4,5,0,1,4,0
1405,1965,0,5,0,5,4,5,0,1,7,0
1406,1966,0,5,2,4,4,5,2,1,8,2
1407,1967,0,5,0,5,4,5,0,1,4,0
1408,1968,0,1,2,5,4,5,0,1,8,6
1409,1969,0,1,0,5,4,5,0,1,8,0
1410,1970,0,0,5,4,4,5,4,1,8,6
1411,1971,0,4,3,1,0,0,3,2,3,1
1412,1972,0,2,3,1,5,0,1,2,3,1
1413,1973,0,1,3,2,5,2,0,2,3,1
1414,1974,0,2,3,1,1,0,1,2,3,1
1415,1975,0,1,0,5,5,2,0,2,3,1
1416,1976,0,1,0,5,5,2,0,2,3,1
1417,1977,0,4,3,1,1,0,1,2,3,1
1418,1978,0,2,3,1,1,0,1,2,3,1
1419,1979,0,4,3,1,0,0,1,2,3,1
1420,1980,0,1,0,5,5,2,0,2,3,1
1421,1981,2,1,0,1,5,2,0,3,2,4
1422,1982,0,1,0,5,5,2,0,2,3,1
1423,1983,0,2,3,2,5,0,1,2,23,1
1424,1984,0,1,0,5,5,2,0,2,23,1
1425,1985,0,2,3,1,1,0,1,2,45,1
1426,1986,0,2,3,1,1,0,1,2,3,1
1427,1987,0,2,3,2,5,0,1,2,45,1
1428,1988,0,1,0,5,5,2,0,2,23,1
1429,1989,0,1,0,2,5,2,0,2,23,1
1430,1990,0,1,0,5,5,5,0,2,23,1
1431,1991,0,1,0,2,5,5,0,2,3,1
1432,1992,0,1,0,2,5,2,0,2,3,1
1433,1993,0,4,3,1,1,0,1,2,23,1
1434,1994,0,1,0,5,5,2,0,2,23,1
1435,1995,0,2,3,1,1,0,1,2,27,2
1436,1996,0,1,0,2,5,2,0,2,23,1
1437,1997,0,1,0,5,5,2,0,2,23,1
1438,1999,0,2,3,1,1,0,1,2,3,1
1439,2000,0,4,3,1,1,0,1,2,3,1
1440,2001,0,1,0,5,5,2,0,2,3,1
1441,2002,0,1,0,2,5,2,0,2,23,1
1442,2004,0,4,3,1,1,0,1,2,3,1
1443,2005,0,4,3,1,1,0,1,2,3,1
1444,2006,0,2,3,1,1,0,1,2,3,1
1445,2007,0,1,0,5,5,2,0,2,3,1
1446,2008,0,2,3,1,1,0,1,2,3,1
1447,2009,0,1,0,5,5,2,0,2,23,1
1448,2010,0,2,3,1,1,0,1,2,23,1
1449,2011,0,2,0,1,1,0,1,2,3,1
1450,2012,0,1,0,5,5,2,0,2,45,2
1451,2015,0,1,0,2,5,2,0,2,3,1
1452,2017,0,5,0,2,3,2,0,2,27,2
1453,2018,0,1,0,3,3,2,0,2,27,2
1454,2019,0,2,0,2,5,0,1,2,3,1
1455,2021,0,1,0,2,5,2,0,2,23,1
1456,2022,0,5,4,3,3,2,5,1,23,0
1457,2023,0,1,0,2,5,2,0,2,45,1
1458,2024,0,2,3,1,1,0,1,2,3,1
1459,2025,0,5,3,3,3,0,1,2,27,2
1460,2027,0,2,0,2,5,2,0,2,3,1
1461,2028,0,3,0,2,5,2,5,2,23,1
1462,2030,0,1,0,2,5,2,0,2,45,1
1463,2031,0,3,0,2,2,2,5,2,23,0
1464,2032,0,2,3,1,1,0,1,2,3,1
1465,2033,0,2,3,1,1,0,1,2,3,1
1466,2034,0,1,3,2,5,2,0,2,45,1
1467,2035,0,1,0,2,3,2,0,2,45,1
1468,2036,0,1,0,2,5,2,0,2,45,1
1469,2037,0,5,0,3,3,2,5,1,27,2
1470,2039,0,1,0,2,5,2,0,2,45,1
1471,2040,0,2,3,5,1,0,1,2,45,1
1472,2041,0,1,0,2,5,2,0,2,45,1
1473,2042,0,1,0,2,5,2,0,2,3,1
1474,2043,0,5,4,3,3,2,5,2,45,0
1475,2044,0,2,3,1,1,0,1,8,31,3
1476,2045,0,2,3,5,5,0,1,8,31,3
1477,2046,0,3,4,2,2,2,5,8,31,3
1478,2047,0,2,3,1,1,0,1,8,49,3
1479,2048,0,2,3,1,1,0,1,8,49,3
1480,2049,0,3,4,2,2,2,5,8,31,3
1481,2050,0,3,4,2,2,2,5,8,31,3
1482,2051,0,1,0,5,5,2,0,8,31,3
1483,2052,0,3,0,2,2,2,5,8,31,3
1484,2053,0,3,4,2,2,2,5,8,31,3
1485,2054,0,3,4,3,3,2,5,8,31,3
1486,2055,0,1,0,2,2,2,5,8,31,3
1487,2056,0,3,4,2,2,2,5,8,31,3
1488,2057,0,3,4,3,3,2,5,8,31,3
1489,2058,0,3,4,2,2,2,5,8,49,3
1490,2059,0,3,0,2,2,2,5,8,31,3
1491,2060,0,2,0,1,5,0,1,8,31,3
1492,2061,0,3,4,2,2,2,5,8,31,3
1493,2062,0,1,0,1,5,2,0,8,31,3
1494,2063,1,2,3,1,1,0,1,8,31,3
1495,2064,0,3,0,2,2,2,5,8,49,3
1496,2065,0,3,4,3,2,2,5,8,49,3
1497,2066,0,3,4,2,2,2,5,8,49,3
1498,2067,0,3,4,2,2,2,5,8,31,3
1499,2068,0,3,4,2,2,2,5,8,31,3
1500,2069,0,3,0,2,5,2,5,8,31,3
1501,2070,0,2,3,2,5,0,1,8,31,3
1502,2072,0,3,4,2,2,2,5,5,14,7
1503,2073,0,1,0,2,2,2,0,5,14,7
1504,2074,0,2,0,1,1,0,1,5,12,1
1505,2075,0,3,4,2,2,2,5,5,14,7
1506,2076,0,3,4,2,2,2,5,5,14,7
1507,2077,0,3,4,2,2,2,5,5,14,7
1508,2078,0,3,4,3,3,2,5,5,14,7
1509,2079,0,3,4,2,2,2,5,5,14,7
1510,2080,0,3,4,2,2,2,5,5,14,7
1511,2081,0,3,0,2,2,2,5,5,14,7
1512,2082,0,3,4,2,2,2,5,5,14,7
1513,2085,0,3,4,2,2,2,5,5,14,7
1514,2087,0,3,4,2,2,2,5,5,14,7
1515,2088,0,3,4,2,2,2,5,5,12,1
1516,2089,0,3,4,2,2,2,5,5,12,1
1517,2090,0,3,4,2,2,2,5,5,12,1
1518,2091,0,3,4,2,2,2,5,5,14,7
1519,2093,0,3,4,2,2,2,5,5,14,7
1520,2094,0,3,4,2,2,2,5,5,14,7
1521,2095,0,3,4,2,2,2,5,5,12,1
1522,2096,0,3,4,2,2,2,5,5,12,1
1523,2098,0,3,4,2,2,2,5,5,14,7
1524,2100,0,3,0,2,2,2,5,5,14,7
1525,2101,2,4,3,1,1,0,1,3,2,4
1526,2105,0,2,0,1,5,0,1,9,35,3
1527,2108,0,2,3,1,1,0,1,9,35,3
1528,2109,0,1,0,5,5,2,0,9,35,3
1529,2110,0,3,0,2,2,2,5,1,35,0
1530,2111,0,3,0,2,5,2,5,9,39,9
1531,2112,0,3,4,3,2,2,5,8,35,3
1532,2113,0,2,0,2,5,2,5,9,35,3
1533,2114,0,3,4,2,2,2,5,9,39,9
1534,2116,0,3,4,2,2,2,5,8,35,3
1535,2117,0,2,4,2,2,0,5,1,35,0
1536,2118,0,3,0,2,2,2,5,8,49,3
1537,2119,2,2,1,0,1,1,1,3,2,4
1538,2120,0,2,0,2,5,2,1,9,39,9
1539,2121,0,3,0,2,2,2,5,9,39,9
1540,2122,0,3,0,2,2,2,5,9,39,9
1541,2124,1,2,0,1,1,0,1,8,19,3
1542,2125,0,3,4,2,2,2,5,9,39,9
1543,2126,0,1,0,2,5,2,0,9,35,3
1544,2127,0,5,4,3,3,2,5,10,27,2
1545,2128,0,3,0,2,2,2,5,9,35,3
1546,2129,0,3,4,2,2,2,5,9,39,9
1547,2130,0,3,3,4,4,0,5,9,39,9
1548,2131,0,2,0,2,5,0,1,3,35,4
1549,2132,0,3,4,2,2,2,5,1,4,0
1550,2133,0,3,4,2,2,2,5,9,35,3
1551,2134,0,1,0,3,2,2,0,10,16,2
1552,2136,0,3,3,4,2,2,5,9,39,9
1553,2137,0,3,4,2,2,2,5,9,35,3
1554,2138,0,3,4,2,2,2,5,9,39,9
1555,2139,0,3,0,2,2,2,5,9,35,3
1556,2140,0,3,0,2,2,2,5,8,49,3
1557,2142,0,3,4,2,2,2,5,9,35,0
1558,2143,0,3,4,2,2,2,5,9,35,3
1559,2144,0,4,3,1,1,0,1,1,7,0
1560,2145,0,1,0,3,4,2,5,1,34,7
1561,2146,0,1,1,5,4,5,0,4,9,6
1562,2148,0,5,2,4,4,5,2,1,25,0
1563,2149,0,1,0,2,5,2,0,1,29,0
1564,2150,0,3,0,3,3,2,5,1,4,0
1565,2151,0,2,0,5,5,2,1,1,4,0
1566,2152,0,3,4,2,2,2,5,1,4,0
1567,2153,0,1,0,5,5,2,0,1,29,6
1568,2154,0,1,0,2,3,2,0,1,4,0
1569,2155,0,1,0,2,5,2,0,1,29,0
1570,2156,0,3,4,2,2,2,5,1,4,0
1571,2157,0,5,0,3,3,2,5,1,4,0
1572,2158,0,1,0,5,5,2,0,1,29,0
1573,2159,0,3,4,2,3,2,5,1,4,0
1574,2160,0,3,4,2,2,2,5,1,4,0
1575,2161,0,4,3,1,1,0,1,1,7,0
1576,2162,0,3,0,2,2,2,5,1,4,0
1577,2163,0,1,0,5,3,2,0,1,4,0
1578,2164,0,4,3,1,1,0,1,8,15,3
1579,2165,0,2,3,1,1,0,1,8,15,3
1580,2167,0,2,3,1,1,0,1,8,15,3
1581,2168,0,2,3,1,1,0,1,8,15,3
1582,2169,0,2,3,1,1,0,1,8,15,3
1583,2171,0,3,0,2,2,2,5,8,15,3
1584,2172,0,3,0,2,2,2,5,8,15,3
1585,2173,0,2,3,1,5,0,1,8,15,3
1586,2174,0,1,0,2,5,2,0,8,15,3
1587,2175,0,3,4,2,2,2,5,8,15,3
1588,2176,0,1,0,2,2,2,0,8,15,3
1589,2177,0,2,3,1,1,0,1,8,15,3
1590,2178,0,3,0,2,2,2,5,8,15,3
1591,2179,0,3,0,2,5,2,5,8,15,3
1592,2180,0,1,0,2,5,2,0,8,15,3
1593,2181,0,3,4,2,2,2,5,8,15,3
1594,2182,0,3,0,2,2,2,5,8,15,3
1595,2183,0,3,0,2,5,2,5,8,15,3
1596,2184,0,3,0,2,2,2,5,8,15,3
1597,2185,0,3,4,2,2,2,5,8,15,3
1598,2186,0,2,3,1,1,0,1,8,15,3
1599,2187,0,2,3,2,5,2,5,5,33,3
1600,2188,0,2,3,1,1,0,1,8,15,3
1601,2189,0,2,0,2,5,0,1,8,15,3
1602,2190,0,4,3,1,0,3,3,4,3,6
1603,2191,0,2,3,5,5,0,1,0,37,0
1604,2192,0,2,3,1,1,0,1,0,37,0
1605,2193,0,4,3,1,1,0,1,0,3,0
1606,2194,0,2,3,5,5,2,1,0,37,0
1607,2195,0,3,4,2,2,2,5,0,37,0
1608,2196,0,3,4,2,2,2,5,0,37,0
1609,2197,0,3,4,2,2,2,5,0,37,0
1610,2198,0,3,4,2,2,2,5,0,37,0
1611,2199,0,1,0,3,5,2,0,0,37,0
1612,2200,0,2,0,3,5,2,1,0,37,0
1613,2201,0,5,0,2,3,2,5,0,37,0
1614,2202,0,1,0,3,3,2,0,0,37,0
1615,2203,0,2,3,2,5,0,1,0,37,0
1616,2204,0,1,0,2,2,2,0,0,37,0
1617,2205,0,1,0,2,3,2,0,0,37,0
1618,2206,0,3,4,2,3,2,5,0,37,0
1619,2207,0,3,4,2,2,2,5,0,37,0
1620,2208,0,1,0,2,5,2,0,0,37,0
1621,2210,0,2,3,1,1,0,1,0,3,0
1622,2211,0,1,0,5,5,5,0,0,37,0
1623,2212,0,1,0,2,5,2,0,0,37,0
1624,2213,0,3,4,2,2,2,5,0,37,0
1625,2215,0,1,0,2,3,2,0,0,37,0
1626,2216,0,4,1,1,0,1,3,4,9,6
1627,2217,0,4,1,5,1,5,3,4,9,6
1628,2218,0,1,1,5,4,5,0,4,9,6
1629,2219,0,4,1,5,1,5,3,4,9,6
1630,2220,0,4,1,5,1,5,3,4,9,6
1631,2221,0,4,1,5,0,5,3,4,9,6
1632,2222,0,4,1,5,1,5,1,4,9,6
1633,2223,0,1,1,5,4,5,0,4,9,6
1634,2224,0,4,1,5,1,5,1,4,9,6
1635,2225,0,1,1,5,4,5,0,4,9,6
1636,2226,0,4,1,1,0,5,3,4,9,6
1637,2227,0,4,1,5,1,5,3,4,9,6
1638,2228,0,4,1,5,1,5,3,1,8,6
1639,2229,0,1,1,5,4,5,0,1,8,6
1640,2230,0,2,0,5,4,5,1,1,8,6
1641,2231,0,2,1,5,5,0,1,1,17,0
1642,2232,0,1,1,5,1,5,1,4,9,6
1643,2233,0,1,1,5,5,5,0,4,9,6
1644,2234,0,1,3,5,5,2,0,1,8,6
1645,2235,0,1,1,5,1,5,1,1,8,6
1646,2236,0,1,1,5,4,5,0,4,9,6
1647,2237,0,4,1,5,1,0,1,4,9,6
1648,2238,0,4,1,5,4,5,3,1,8,6
1649,2241,0,1,1,5,4,5,0,4,9,6
1650,2242,0,4,1,5,4,5,3,4,9,6
1651,2243,0,4,1,5,4,5,3,4,9,6
1652,2244,0,0,5,4,4,5,4,1,8,6
1653,2245,0,4,1,5,4,5,3,1,8,6
1654,2248,0,0,5,4,4,5,4,1,8,6
1655,2249,0,0,5,4,4,5,4,1,8,6
1656,2250,0,0,5,4,4,5,4,1,8,6
1657,2251,0,2,3,1,1,0,1,5,50,7
1658,2252,0,2,3,1,1,0,1,2,3,1
1659,2253,0,1,0,2,5,2,0,5,50,7
1660,2254,0,3,4,2,2,2,5,5,38,7
1661,2255,0,3,4,2,2,2,5,5,38,7
1662,2256,0,3,4,2,2,2,5,5,38,7
1663,2257,0,3,4,2,2,2,5,5,38,7
1664,2258,0,3,4,2,2,2,5,5,38,7
1665,2259,0,3,4,2,2,2,5,10,21,2
1666,2260,0,3,4,2,3,2,5,5,50,7
1667,2262,0,3,4,2,2,2,5,10,21,2
1668,2264,0,3,0,2,2,2,5,10,21,2
1669,2265,0,3,4,3,2,2,5,10,21,2
1670,2266,0,3,4,2,2,2,5,10,21,2
1671,2267,0,3,4,2,2,2,5,5,50,7
1672,2268,0,3,4,2,2,2,5,10,21,2
1673,2269,0,3,0,2,2,2,5,5,50,7
1674,2270,0,3,4,2,2,2,5,5,38,7
1675,2271,0,3,4,3,2,2,5,5,50,2
1676,2272,0,1,0,2,3,2,0,5,50,7
1677,2274,0,2,0,2,3,2,5,5,50,7
1678,2275,0,4,3,1,1,0,1,2,3,1
1679,2276,0,2,0,1,5,0,1,2,3,1
1680,2278,0,1,0,2,5,2,0,2,3,1
1681,2279,0,2,3,1,1,0,1,2,3,1
1682,2280,0,2,3,1,1,0,1,2,3,1
1683,2281,0,2,3,1,1,0,1,2,3,1
1684,2282,0,2,3,1,1,0,1,2,3,1
1685,2286,0,2,3,1,1,0,1,2,3,1
1686,2287,0,2,0,1,5,0,1,2,3,1
1687,2288,0,2,3,1,1,0,1,2,3,1
1688,2289,0,2,3,1,1,0,1,2,3,1
1689,2292,0,5,0,2,3,2,0,2,3,1
1690,2293,0,1,0,1,5,2,0,2,3,1
1691,2294,0,3,0,2,2,2,5,2,32,1
1692,2295,0,2,3,2,5,2,5,2,3,1
1693,2296,0,1,0,2,3,2,0,2,3,1
1694,2297,0,1,0,2,5,2,0,2,3,1
1695,2298,0,3,0,2,3,2,5,2,3,1
1696,2299,0,1,0,2,5,2,0,2,3,1
1697,2300,0,1,0,2,5,2,0,2,3,1
1698,2301,0,2,0,1,5,0,5,2,3,1
1699,2302,0,5,0,3,3,2,0,10,32,2
1700,2303,0,2,3,5,5,0,1,2,3,1
1701,2304,0,1,0,2,3,2,0,2,3,1
1702,2305,0,5,0,3,3,2,5,2,3,1
1703,2307,0,5,2,3,3,2,5,2,3,1
1704,2308,0,3,0,2,2,2,5,2,3,1
1705,2309,0,3,0,3,3,2,5,2,3,1
1706,2310,0,1,0,2,5,2,0,2,3,1
1707,2311,0,2,3,1,1,0,1,2,3,1
1708,2312,0,2,3,1,1,0,1,2,3,1
1709,2314,0,1,0,3,3,2,0,2,3,1
1710,2315,0,3,0,2,2,2,5,2,3,1
1711,2316,0,2,0,3,3,2,1,2,3,1
1712,2317,0,5,0,3,3,2,5,2,3,1
1713,2318,2,4,1,1,1,0,3,3,2,4
1714,2320,2,2,3,1,1,0,1,3,2,4
1715,2321,0,3,0,3,2,2,5,9,39,9
1716,2322,0,1,0,2,5,2,0,9,39,9
1717,2323,0,3,4,2,2,2,5,9,39,9
1718,2324,0,1,0,2,5,2,0,9,10,9
1719,2325,0,1,0,2,5,2,0,9,44,9
1720,2326,0,1,0,2,2,2,0,9,44,9
1721,2327,0,1,0,2,5,2,0,9,39,9
1722,2328,0,1,0,3,5,2,0,9,39,9
1723,2329,0,1,0,2,2,2,0,9,10,2
1724,2330,0,1,0,2,2,2,0,9,44,9
1725,2332,0,3,0,2,2,2,5,9,23,9
1726,2333,0,2,0,1,5,0,1,9,39,0
1727,2334,0,2,3,5,1,0,1,9,39,9
1728,2335,2,2,3,1,1,0,1,3,2,4
1729,2336,0,2,3,1,1,0,1,9,39,0
1730,2337,2,4,1,1,1,0,3,3,2,4
1731,2338,0,4,3,5,1,5,1,10,13,2
1732,2339,0,0,2,4,4,5,4,10,13,2
1733,2340,0,2,3,5,1,0,1,1,4,0
1734,2341,0,5,2,5,4,5,1,1,35,0
1735,2342,0,5,2,4,4,5,2,1,4,0
1736,2343,0,5,2,4,4,5,2,10,13,2
1737,2344,0,0,5,4,4,5,4,1,8,6
1738,2345,0,0,5,4,4,5,4,1,8,6
1739,2348,0,0,5,4,4,5,4,1,8,6
1740,2349,0,0,5,4,4,5,4,1,8,6
1741,2351,2,4,1,0,0,3,3,3,2,4
1742,2352,2,4,1,0,0,3,3,3,2,4
1743,2353,2,4,1,0,0,3,3,3,2,4
1744,2354,2,4,1,0,0,3,3,3,2,4
1745,2355,2,4,1,0,0,3,3,3,2,4
1746,2356,2,4,1,0,0,3,3,3,2,4
1747,2357,2,4,1,0,0,3,3,3,2,4
1748,2358,2,4,1,0,0,3,3,3,2,4
1749,2359,2,4,1,0,0,3,3,3,2,4
1750,2360,2,4,1,0,0,3,3,3,2,4
1751,2361,2,4,1,0,0,3,3,3,2,4
1752,2362,2,4,1,1,1,1,3,3,2,4
1753,2363,2,4,1,0,0,3,3,3,2,4
1754,2364,2,4,1,0,0,3,3,3,2,4
1755,2365,2,4,1,0,0,3,3,3,2,4
1756,2366,2,4,1,0,0,3,3,3,2,4
1757,2367,2,4,1,0,0,3,3,3,2,4
1758,2368,2,4,1,0,0,3,3,3,2,4
1759,2369,2,4,1,0,0,3,3,3,2,4
1760,2370,2,4,1,1,0,1,3,3,2,4
1761,2371,2,4,1,0,0,1,3,3,2,4
1762,2372,2,4,1,0,0,3,3,3,2,4
1763,2373,2,4,1,0,0,3,3,3,2,4
1764,2374,2,4,1,0,0,3,3,3,2,4
1765,2375,2,4,1,0,0,3,3,3,2,4
1766,2376,2,4,1,0,0,3,3,3,2,4
1767,2377,2,4,1,0,0,3,3,3,2,4
1768,2378,2,4,1,0,0,3,3,3,2,4
1769,2379,2,4,1,0,0,3,3,3,2,4
1770,2380,2,4,1,0,0,3,3,3,2,4
1771,2381,2,4,1,0,0,3,3,3,2,4
1772,2382,2,4,1,0,0,3,3,3,2,4
1773,2383,2,4,1,0,0,3,3,3,2,4
1774,2384,2,4,1,0,0,3,3,3,2,4
1775,2385,2,4,1,0,0,3,3,3,2,4
1776,2386,2,4,1,0,0,3,3,3,2,4
1777,2387,2,4,1,0,0,3,3,3,2,4
1778,2388,2,4,1,0,0,3,3,3,2,4
1779,2389,2,4,1,0,0,3,3,3,2,4
1780,2390,2,4,1,0,0,3,3,3,2,4
1781,2391,2,4,3,0,1,3,3,3,2,4
1782,2392,2,4,1,0,0,3,3,3,2,4
1783,2393,2,4,1,1,1,1,3,3,2,4
1784,2395,2,4,1,1,1,0,1,3,2,4
1785,2398,2,4,1,0,0,3,3,3,2,4
1786,2399,2,4,1,0,0,3,3,3,2,4
1787,2400,2,4,1,0,0,3,3,3,2,4
1788,2401,2,4,1,0,0,3,3,3,2,4
1789,2402,2,4,1,0,0,3,3,3,2,4
1790,2403,2,4,1,0,1,1,3,3,2,4
1791,2404,2,4,1,0,0,3,3,3,2,4
1792,2405,2,4,1,0,0,3,3,3,2,4
1793,2406,2,4,1,0,0,1,3,3,2,4
1794,2407,2,4,1,0,0,3,3,3,2,4
1795,2408,2,4,1,0,0,1,3,3,2,4
1796,2409,2,4,1,0,0,1,3,3,2,4
1797,2410,2,4,1,1,0,1,3,3,2,4
1798,2411,2,4,1,1,0,1,3,3,2,4
1799,2412,2,4,1,0,0,1,3,3,2,4
1800,2416,2,4,1,1,0,1,3,3,2,4
1801,2422,2,4,1,0,1,1,3,3,2,4
1802,2423,2,4,1,0,0,3,3,3,2,4
1803,2424,2,4,1,0,0,3,3,3,2,4
1804,2425,2,4,1,0,0,3,3,3,2,4
1805,2426,2,4,1,0,0,3,3,3,2,4
1806,2427,2,4,1,0,0,3,3,3,2,4
1807,2428,2,4,1,0,0,3,3,3,2,4
1808,2429,2,4,1,0,0,1,3,3,2,4
1809,2430,2,4,1,0,0,3,3,3,2,4
1810,2431,2,4,1,0,0,3,3,3,2,4
1811,2432,2,4,1,0,0,1,3,3,2,4
1812,2433,2,4,1,0,0,1,3,3,2,4
1813,2434,2,4,1,0,0,3,3,3,2,4
1814,2435,2,4,1,0,0,3,3,3,2,4
1815,2436,2,4,1,0,0,3,3,3,2,4
1816,2437,2,4,1,0,0,1,3,3,2,4
1817,2439,2,4,1,0,0,3,3,3,2,4
1818,2440,2,4,1,0,0,3,3,3,2,4
1819,2441,2,4,1,0,0,4,3,3,2,4
1820,2442,2,4,1,0,0,3,3,3,2,4
1821,2443,2,4,1,0,0,4,3,3,2,4
1822,2444,2,4,1,0,0,4,3,3,2,4
1823,2445,2,4,1,0,0,1,3,3,2,4
1824,2446,2,4,1,0,0,1,3,3,2,4
1825,2447,2,4,1,0,0,1,3,3,2,4
1826,2449,2,4,1,0,0,1,3,3,2,4
1827,2450,2,4,1,0,0,3,3,3,2,4
1828,2451,2,4,1,0,0,3,3,3,2,4
1829,2452,2,4,1,0,0,3,3,3,2,4
1830,2453,2,4,1,0,0,3,3,3,2,4
1831,2454,2,4,1,0,0,3,3,3,2,4
1832,2455,2,4,1,0,0,3,3,3,2,4
1833,2456,2,4,1,5,0,3,3,3,2,4
1834,2457,2,4,1,5,0,3,3,3,2,4
1835,2458,2,4,1,0,0,3,3,3,2,4
1836,2459,2,4,1,0,0,3,3,3,2,4
1837,2460,2,4,1,0,0,4,3,3,2,4
1838,2461,2,4,1,0,0,3,3,3,2,4
1839,2462,1,4,1,0,0,1,3,7,1,5
1840,2463,1,4,1,0,0,1,3,7,1,5
1841,2464,1,4,1,0,0,1,3,7,1,5
1842,2465,1,4,1,1,1,1,3,7,1,5
1843,2466,1,4,1,0,0,1,3,7,1,5
1844,2467,1,4,1,0,0,1,3,7,1,5
1845,2468,1,4,1,0,0,1,3,7,1,5
1846,2469,1,4,1,0,0,1,3,7,1,5
1847,2470,1,4,1,0,0,1,3,7,1,5
1848,2471,1,4,1,0,0,1,3,7,1,5
1849,2472,1,4,1,0,0,1,3,7,1,5
1850,2473,1,4,1,0,0,1,3,7,1,5
1851,2474,1,4,1,0,0,1,3,7,1,5
1852,2475,1,4,1,0,0,1,3,7,1,5
1853,2476,1,4,1,0,0,4,3,7,1,5
1854,2477,1,4,1,0,0,1,3,7,1,5
1855,2478,1,4,1,1,1,1,3,7,1,5
1856,2479,1,4,1,0,0,4,3,7,1,5
1857,2480,1,4,1,0,0,4,3,7,1,5
1858,2481,1,4,1,0,0,4,3,7,1,5
1859,2482,1,4,1,0,0,1,3,7,1,5
1860,2483,1,4,1,0,0,1,3,7,1,5
1861,2484,1,4,1,0,0,1,3,7,1,5
1862,2485,1,4,1,0,0,4,3,7,1,5
1863,2486,1,4,1,0,0,4,3,7,1,5
1864,2487,1,4,1,0,0,1,3,7,1,5
1865,2488,1,4,1,0,0,4,3,7,1,5
1866,2489,1,4,1,0,0,4,3,7,1,5
1867,2490,1,4,1,0,0,4,3,7,1,5
1868,2491,1,4,1,0,0,1,3,7,1,5
1869,2492,1,4,1,0,0,1,3,7,1,5
1870,2493,1,4,1,0,0,1,3,7,1,5
1871,2494,1,4,1,0,0,4,3,7,1,5
1872,2495,1,4,1,0,0,4,3,7,1,5
1873,2496,1,4,1,0,0,1,3,7,1,5
1874,2497,1,4,1,0,0,4,3,7,1,5
1875,2498,1,4,1,0,0,1,3,7,1,5
1876,2499,1,4,1,0,0,1,3,7,1,5
1877,2500,1,4,1,0,0,1,3,7,1,5
1878,2501,1,4,1,0,0,1,3,7,1,5
1879,2502,1,4,1,0,0,1,3,7,1,5
1880,2503,1,4,1,0,0,4,3,7,1,5
1881,2504,1,4,1,1,1,1,3,7,1,5
1882,2505,1,4,1,0,0,1,3,7,1,5
1883,2506,1,4,1,0,0,4,3,7,1,5
1884,2507,1,4,1,0,0,1,3,7,1,5
1885,2508,1,4,1,0,0,1,3,7,1,5
1886,2509,1,4,1,0,0,4,3,7,1,5
1887,2510,1,4,1,0,0,4,3,7,1,5
1888,2511,1,4,1,0,0,1,3,7,1,5
1889,2512,1,4,1,0,0,1,3,7,1,5
1890,2513,1,4,1,0,0,1,3,7,1,5
1891,2514,1,4,1,0,0,1,3,7,1,5
1892,2515,1,4,1,0,0,1,3,7,1,5
1893,2516,1,4,1,0,0,1,3,7,1,5
1894,2517,1,4,1,0,0,1,3,7,1,5
1895,2518,1,4,1,0,0,4,3,7,1,5
1896,2519,1,4,1,0,0,4,3,7,1,5
1897,2520,1,4,1,0,0,1,3,7,1,5
1898,2521,1,4,1,0,0,1,3,7,1,5
1899,2522,1,4,1,0,0,1,3,7,1,5
1900,2523,1,4,1,0,0,1,3,7,1,5
1901,2524,1,4,1,0,0,1,3,7,1,5
1902,2525,1,4,1,0,0,1,3,7,1,5
1903,2526,1,4,1,0,0,1,3,7,1,5
1904,2527,1,4,1,0,0,4,3,7,1,5
1905,2528,1,4,1,0,0,1,3,7,1,5
1906,2529,1,4,1,0,0,1,3,7,1,5
1907,2530,1,4,1,0,0,1,3,7,1,5
1908,2531,1,4,1,0,0,1,3,7,1,5
1909,2532,1,4,1,0,0,4,3,7,1,5
1910,2533,1,4,1,0,0,4,3,7,1,5
1911,2534,1,4,1,0,0,1,3,7,1,5
1912,2535,1,4,1,0,0,4,3,7,1,5
1913,2536,1,4,1,0,0,4,3,7,1,5
1914,2537,1,4,1,0,0,4,3,7,1,5
1915,2538,1,4,1,0,0,1,3,7,1,5
1916,2539,1,4,1,0,0,4,3,7,1,5
1917,2540,1,4,1,0,0,4,3,7,1,5
1918,2541,1,4,1,0,0,4,3,7,1,5
1919,2542,1,4,1,0,0,4,3,7,1,5
1920,2543,1,4,1,0,0,4,3,7,1,5
1921,2544,1,4,1,0,0,4,3,7,1,5
1922,2545,1,4,1,0,0,4,3,7,1,5
1923,2546,1,4,1,0,0,1,3,7,1,5
1924,2547,1,4,1,1,1,1,3,7,1,5
1925,2548,1,4,1,0,0,1,3,7,1,5
1926,2549,1,4,1,0,0,1,3,7,1,5
1927,2550,1,4,1,0,0,1,3,7,1,5
1928,2551,1,4,1,0,0,1,3,7,1,5
1929,2552,1,4,1,0,0,1,3,7,1,5
1930,2553,1,4,1,0,0,1,3,7,1,5
1931,2554,1,4,1,0,0,1,3,7,1,5
1932,2555,1,4,1,0,0,1,3,7,1,5
1933,2556,1,4,1,0,0,1,3,7,1,5
1934,2557,1,4,1,0,0,1,3,7,1,5
1935,2558,1,4,1,0,0,4,3,7,1,5
1936,2559,1,4,1,0,0,4,3,7,1,5
1937,2560,1,4,1,0,0,1,3,7,1,5
1938,2561,1,4,1,0,0,3,3,7,1,5
1939,2562,1,4,1,0,0,1,3,7,1,5
1940,2563,1,4,1,0,0,4,3,7,1,5
1941,2564,1,4,1,0,0,4,3,7,1,5
1942,2565,1,4,1,0,0,1,3,7,1,5
1943,2566,1,4,1,0,0,1,3,7,1,5
1944,2567,1,4,1,0,0,4,3,7,1,5
1945,2568,1,4,1,0,0,1,3,7,1,5
1946,2569,1,4,1,0,0,1,3,7,1,5
1947,2570,1,4,1,0,0,1,3,7,1,5
1948,2571,1,4,1,0,1,1,3,7,1,5
1949,2572,1,4,1,0,0,1,3,7,1,5
1950,2573,1,4,1,0,0,4,3,7,1,5
1951,2574,1,4,1,0,0,4,3,7,1,5
1952,2575,1,4,1,0,0,1,3,7,1,5
1953,2576,1,4,1,0,0,1,3,7,1,5
1954,2577,1,4,1,0,0,1,3,7,1,5
1955,2578,1,4,1,0,0,1,3,7,1,5
1956,2579,1,4,1,0,0,1,3,7,1,5
1957,2580,1,4,1,0,0,1,3,7,1,5
1958,2581,1,4,1,0,0,1,3,7,1,5
1959,2582,1,4,1,0,0,1,3,7,1,5
1960,2583,1,4,1,0,0,1,3,7,1,5
1961,2584,1,4,1,0,0,1,3,7,1,5
1962,2585,1,4,1,0,0,1,3,7,1,5
1963,2586,1,4,1,0,0,1,3,7,1,5
1964,2587,1,4,1,1,0,1,3,7,1,5
1965,2588,1,4,1,0,1,1,3,7,1,5
1966,2589,1,4,1,0,0,1,3,7,1,5
1967,2590,1,4,1,1,0,1,3,7,1,5
1968,2591,1,2,3,1,1,0,1,8,1,5
1969,2592,1,4,1,0,0,1,3,7,1,5
1970,2593,1,2,3,5,4,0,1,7,1,5
1971,2595,1,2,3,5,1,0,1,7,1,5
1972,2596,1,2,1,1,1,1,1,7,1,5
1973,2597,1,4,1,1,1,1,1,7,1,5
1974,2598,1,2,0,1,1,0,1,7,1,5
1975,2599,1,4,1,0,0,1,3,7,1,5
1976,2600,1,4,1,1,1,1,3,7,1,5
1977,2601,1,4,0,4,4,1,1,7,1,5
1978,2602,1,4,1,1,1,1,3,7,1,5
1979,2604,1,4,1,1,1,1,3,7,1,5
1980,2605,1,4,1,0,0,1,3,7,1,5
1981,2606,1,4,1,1,1,1,3,7,1,5
1982,2607,1,2,3,5,1,0,1,8,1,5
1983,2618,0,3,4,2,2,2,5,8,47,3
1984,2619,0,2,3,1,1,0,1,8,6,3
1985,2620,0,2,3,1,1,0,1,2,21,2
1986,2621,0,4,1,1,1,0,1,2,21,2
1987,2644,1,4,1,1,1,1,1,8,6,3
1988,2646,0,4,1,1,0,1,3,8,19,3
1989,2647,0,2,0,1,1,0,1,8,19,3
1990,2648,1,2,3,1,1,0,1,8,6,3
1991,2649,1,4,1,0,1,1,3,8,6,3
1992,2651,1,4,1,0,0,1,3,7,1,5
1993,2652,1,2,1,1,1,1,1,8,6,3
1994,2710,0,2,3,1,1,0,1,9,35,3
1995,2808,1,4,1,1,1,1,1,8,6,3
1996,2809,0,2,3,1,1,0,1,2,27,2
1997,2813,1,2,3,1,1,0,1,8,6,3
1998,2814,1,4,1,0,1,1,3,8,6,3
1999,2872,0,0,5,4,4,5,4,1,8,0
2000,2876,0,4,1,1,1,0,1,10,5,8
2001,2879,0,4,1,5,4,5,3,4,9,6
2002,2880,0,4,1,5,4,5,3,1,8,6
2003,2881,0,2,3,1,1,0,1,10,5,8
2004,2882,0,4,1,5,4,5,0,1,8,6
2005,2883,0,2,3,1,1,0,1,8,19,3
2006,2884,0,2,3,1,1,0,1,8,49,3
2007,2885,0,2,3,5,1,0,1,1,36,0
2008,2886,0,1,0,1,5,2,0,2,21,2
2009,2887,0,4,3,1,1,0,1,10,42,2
2010,3005,0,2,3,1,1,0,1,5,20,7
2011,3007,0,2,0,2,5,0,1,4,11,6
2012,3009,0,2,3,1,1,0,1,5,14,7
2013,3011,0,2,3,1,1,0,1,2,3,1
2014,3012,0,3,0,2,3,2,5,2,3,2
2015,3013,1,4,1,0,1,1,1,8,6,3
