month_from,month_to,type_from,type_to,n_movers,n_base
2023-01,2023-02,0,0,592,645
2023-01,2023-02,0,1,1,645
2023-01,2023-02,0,2,3,645
2023-01,2023-02,0,3,3,645
2023-01,2023-02,0,4,45,645
2023-01,2023-02,0,5,1,645
2023-01,2023-02,1,0,4,494
2023-01,2023-02,1,1,490,494
2023-01,2023-02,1,2,0,494
2023-01,2023-02,1,3,0,494
2023-01,2023-02,1,4,0,494
2023-01,2023-02,1,5,0,494
2023-01,2023-02,2,0,1,375
2023-01,2023-02,2,1,3,375
2023-01,2023-02,2,2,371,375
2023-01,2023-02,2,3,0,375
2023-01,2023-02,2,4,0,375
2023-01,2023-02,2,5,0,375
2023-01,2023-02,3,0,0,185
2023-01,2023-02,3,1,0,185
2023-01,2023-02,3,2,0,185
2023-01,2023-02,3,3,185,185
2023-01,2023-02,3,4,0,185
2023-01,2023-02,3,5,0,185
2023-01,2023-02,4,0,0,159
2023-01,2023-02,4,1,0,159
2023-01,2023-02,4,2,0,159
2023-01,2023-02,4,3,0,159
2023-01,2023-02,4,4,159,159
2023-01,2023-02,4,5,0,159
2023-01,2023-02,5,0,0,158
2023-01,2023-02,5,1,33,158
2023-01,2023-02,5,2,1,158
2023-01,2023-02,5,3,1,158
2023-01,2023-02,5,4,0,158
2023-01,2023-02,5,5,123,158
2023-02,2023-03,0,0,570,597
2023-02,2023-03,0,1,14,597
2023-02,2023-03,0,2,4,597
2023-02,2023-03,0,3,1,597
2023-02,2023-03,0,4,8,597
2023-02,2023-03,0,5,0,597
2023-02,2023-03,1,0,2,527
2023-02,2023-03,1,1,525,527
2023-02,2023-03,1,2,0,527
2023-02,2023-03,1,3,0,527
2023-02,2023-03,1,4,0,527
2023-02,2023-03,1,5,0,527
2023-02,2023-03,2,0,0,375
2023-02,2023-03,2,1,0,375
2023-02,2023-03,2,2,374,375
2023-02,2023-03,2,3,1,375
2023-02,2023-03,2,4,0,375
2023-02,2023-03,2,5,0,375
2023-02,2023-03,3,0,0,189
2023-02,2023-03,3,1,0,189
2023-02,2023-03,3,2,0,189
2023-02,2023-03,3,3,189,189
2023-02,2023-03,3,4,0,189
2023-02,2023-03,3,5,0,189
2023-02,2023-03,4,0,0,204
2023-02,2023-03,4,1,0,204
2023-02,2023-03,4,2,0,204
2023-02,2023-03,4,3,0,204
2023-02,2023-03,4,4,204,204
2023-02,2023-03,4,5,0,204
2023-02,2023-03,5,0,0,124
2023-02,2023-03,5,1,12,124
2023-02,2023-03,5,2,0,124
2023-02,2023-03,5,3,2,124
2023-02,2023-03,5,4,0,124
2023-02,2023-03,5,5,110,124
2023-03,2023-04,0,0,571,572
2023-03,2023-04,0,1,1,572
2023-03,2023-04,0,2,0,572
2023-03,2023-04,0,3,0,572
2023-03,2023-04,0,4,0,572
2023-03,2023-04,0,5,0,572
2023-03,2023-04,1,0,3,551
2023-03,2023-04,1,1,548,551
2023-03,2023-04,1,2,0,551
2023-03,2023-04,1,3,0,551
2023-03,2023-04,1,4,0,551
2023-03,2023-04,1,5,0,551
2023-03,2023-04,2,0,0,378
2023-03,2023-04,2,1,0,378
2023-03,2023-04,2,2,378,378
2023-03,2023-04,2,3,0,378
2023-03,2023-04,2,4,0,378
2023-03,2023-04,2,5,0,378
2023-03,2023-04,3,0,1,193
2023-03,2023-04,3,1,1,193
2023-03,2023-04,3,2,0,193
2023-03,2023-04,3,3,191,193
2023-03,2023-04,3,4,0,193
2023-03,2023-04,3,5,0,193
2023-03,2023-04,4,0,0,212
2023-03,2023-04,4,1,0,212
2023-03,2023-04,4,2,0,212
2023-03,2023-04,4,3,0,212
2023-03,2023-04,4,4,212,212
2023-03,2023-04,4,5,0,212
2023-03,2023-04,5,0,1,110
2023-03,2023-04,5,1,4,110
2023-03,2023-04,5,2,0,110
2023-03,2023-04,5,3,0,110
2023-03,2023-04,5,4,0,110
2023-03,2023-04,5,5,105,110
2023-04,2023-05,0,0,567,576
2023-04,2023-05,0,1,8,576
2023-04,2023-05,0,2,1,576
2023-04,2023-05,0,3,0,576
2023-04,2023-05,0,4,0,576
2023-04,2023-05,0,5,0,576
2023-04,2023-05,1,0,1,554
2023-04,2023-05,1,1,552,554
2023-04,2023-05,1,2,0,554
2023-04,2023-05,1,3,0,554
2023-04,2023-05,1,4,0,554
2023-04,2023-05,1,5,1,554
2023-04,2023-05,2,0,0,378
2023-04,2023-05,2,1,1,378
2023-04,2023-05,2,2,377,378
2023-04,2023-05,2,3,0,378
2023-04,2023-05,2,4,0,378
2023-04,2023-05,2,5,0,378
2023-04,2023-05,3,0,0,191
2023-04,2023-05,3,1,0,191
2023-04,2023-05,3,2,1,191
2023-04,2023-05,3,3,190,191
2023-04,2023-05,3,4,0,191
2023-04,2023-05,3,5,0,191
2023-04,2023-05,4,0,6,212
2023-04,2023-05,4,1,0,212
2023-04,2023-05,4,2,0,212
2023-04,2023-05,4,3,0,212
2023-04,2023-05,4,4,206,212
2023-04,2023-05,4,5,0,212
2023-04,2023-05,5,0,0,105
2023-04,2023-05,5,1,1,105
2023-04,2023-05,5,2,0,105
2023-04,2023-05,5,3,0,105
2023-04,2023-05,5,4,0,105
2023-04,2023-05,5,5,104,105
2023-05,2023-06,0,0,569,574
2023-05,2023-06,0,1,2,574
2023-05,2023-06,0,2,3,574
2023-05,2023-06,0,3,0,574
2023-05,2023-06,0,4,0,574
2023-05,2023-06,0,5,0,574
2023-05,2023-06,1,0,7,562
2023-05,2023-06,1,1,555,562
2023-05,2023-06,1,2,0,562
2023-05,2023-06,1,3,0,562
2023-05,2023-06,1,4,0,562
2023-05,2023-06,1,5,0,562
2023-05,2023-06,2,0,1,379
2023-05,2023-06,2,1,0,379
2023-05,2023-06,2,2,378,379
2023-05,2023-06,2,3,0,379
2023-05,2023-06,2,4,0,379
2023-05,2023-06,2,5,0,379
2023-05,2023-06,3,0,3,190
2023-05,2023-06,3,1,0,190
2023-05,2023-06,3,2,0,190
2023-05,2023-06,3,3,187,190
2023-05,2023-06,3,4,0,190
2023-05,2023-06,3,5,0,190
2023-05,2023-06,4,0,2,206
2023-05,2023-06,4,1,0,206
2023-05,2023-06,4,2,0,206
2023-05,2023-06,4,3,0,206
2023-05,2023-06,4,4,204,206
2023-05,2023-06,4,5,0,206
2023-05,2023-06,5,0,0,105
2023-05,2023-06,5,1,3,105
2023-05,2023-06,5,2,0,105
2023-05,2023-06,5,3,0,105
2023-05,2023-06,5,4,0,105
2023-05,2023-06,5,5,102,105
2023-06,2023-07,0,0,580,582
2023-06,2023-07,0,1,2,582
2023-06,2023-07,0,2,0,582
2023-06,2023-07,0,3,0,582
2023-06,2023-07,0,4,0,582
2023-06,2023-07,1,0,14,560
2023-06,2023-07,1,1,544,560
2023-06,2023-07,1,2,2,560
2023-06,2023-07,1,3,0,560
2023-06,2023-07,1,4,0,560
2023-06,2023-07,2,0,6,381
2023-06,2023-07,2,1,0,381
2023-06,2023-07,2,2,375,381
2023-06,2023-07,2,3,0,381
2023-06,2023-07,2,4,0,381
2023-06,2023-07,3,0,0,187
2023-06,2023-07,3,1,0,187
2023-06,2023-07,3,2,0,187
2023-06,2023-07,3,3,187,187
2023-06,2023-07,3,4,0,187
2023-06,2023-07,4,0,2,204
2023-06,2023-07,4,1,0,204
2023-06,2023-07,4,2,0,204
2023-06,2023-07,4,3,0,204
2023-06,2023-07,4,4,202,204
2023-06,2023-07,5,0,0,102
2023-06,2023-07,5,1,101,102
2023-06,2023-07,5,2,1,102
2023-06,2023-07,5,3,0,102
2023-06,2023-07,5,4,0,102
2023-07,2023-08,0,0,598,602
2023-07,2023-08,0,1,0,602
2023-07,2023-08,0,2,2,602
2023-07,2023-08,0,3,1,602
2023-07,2023-08,0,4,0,602
2023-07,2023-08,0,6,1,602
2023-07,2023-08,1,0,4,647
2023-07,2023-08,1,1,530,647
2023-07,2023-08,1,2,1,647
2023-07,2023-08,1,3,0,647
2023-07,2023-08,1,4,0,647
2023-07,2023-08,1,6,112,647
2023-07,2023-08,2,0,0,378
2023-07,2023-08,2,1,0,378
2023-07,2023-08,2,2,377,378
2023-07,2023-08,2,3,0,378
2023-07,2023-08,2,4,0,378
2023-07,2023-08,2,6,1,378
2023-07,2023-08,3,0,1,187
2023-07,2023-08,3,1,0,187
2023-07,2023-08,3,2,0,187
2023-07,2023-08,3,3,186,187
2023-07,2023-08,3,4,0,187
2023-07,2023-08,3,6,0,187
2023-07,2023-08,4,0,1,202
2023-07,2023-08,4,1,0,202
2023-07,2023-08,4,2,0,202
2023-07,2023-08,4,3,0,202
2023-07,2023-08,4,4,201,202
2023-07,2023-08,4,6,0,202
2023-08,2023-09,0,0,599,604
2023-08,2023-09,0,1,2,604
2023-08,2023-09,0,2,1,604
2023-08,2023-09,0,3,1,604
2023-08,2023-09,0,4,1,604
2023-08,2023-09,0,6,0,604
2023-08,2023-09,1,0,1,530
2023-08,2023-09,1,1,523,530
2023-08,2023-09,1,2,0,530
2023-08,2023-09,1,3,0,530
2023-08,2023-09,1,4,0,530
2023-08,2023-09,1,6,6,530
2023-08,2023-09,2,0,3,380
2023-08,2023-09,2,1,0,380
2023-08,2023-09,2,2,377,380
2023-08,2023-09,2,3,0,380
2023-08,2023-09,2,4,0,380
2023-08,2023-09,2,6,0,380
2023-08,2023-09,3,0,0,187
2023-08,2023-09,3,1,0,187
2023-08,2023-09,3,2,0,187
2023-08,2023-09,3,3,187,187
2023-08,2023-09,3,4,0,187
2023-08,2023-09,3,6,0,187
2023-08,2023-09,4,0,0,201
2023-08,2023-09,4,1,0,201
2023-08,2023-09,4,2,0,201
2023-08,2023-09,4,3,0,201
2023-08,2023-09,4,4,201,201
2023-08,2023-09,4,6,0,201
2023-08,2023-09,6,0,0,114
2023-08,2023-09,6,1,0,114
2023-08,2023-09,6,2,0,114
2023-08,2023-09,6,3,0,114
2023-08,2023-09,6,4,0,114
2023-08,2023-09,6,6,114,114
2023-09,2023-10,0,0,581,603
2023-09,2023-10,0,1,7,603
2023-09,2023-10,0,2,4,603
2023-09,2023-10,0,3,1,603
2023-09,2023-10,0,4,10,603
2023-09,2023-10,0,6,0,603
2023-09,2023-10,1,0,0,525
2023-09,2023-10,1,1,506,525
2023-09,2023-10,1,2,0,525
2023-09,2023-10,1,3,0,525
2023-09,2023-10,1,4,0,525
2023-09,2023-10,1,6,19,525
2023-09,2023-10,2,0,1,378
2023-09,2023-10,2,1,1,378
2023-09,2023-10,2,2,376,378
2023-09,2023-10,2,3,0,378
2023-09,2023-10,2,4,0,378
2023-09,2023-10,2,6,0,378
2023-09,2023-10,3,0,3,188
2023-09,2023-10,3,1,0,188
2023-09,2023-10,3,2,0,188
2023-09,2023-10,3,3,184,188
2023-09,2023-10,3,4,0,188
2023-09,2023-10,3,6,1,188
2023-09,2023-10,4,0,0,202
2023-09,2023-10,4,1,0,202
2023-09,2023-10,4,2,0,202
2023-09,2023-10,4,3,0,202
2023-09,2023-10,4,4,202,202
2023-09,2023-10,4,6,0,202
2023-09,2023-10,6,0,0,120
2023-09,2023-10,6,1,0,120
2023-09,2023-10,6,2,0,120
2023-09,2023-10,6,3,0,120
2023-09,2023-10,6,4,0,120
2023-09,2023-10,6,6,120,120
2023-10,2023-11,0,0,410,585
2023-10,2023-11,0,1,1,585
2023-10,2023-11,0,2,3,585
2023-10,2023-11,0,3,0,585
2023-10,2023-11,0,4,171,585
2023-10,2023-11,0,6,0,585
2023-10,2023-11,1,0,1,514
2023-10,2023-11,1,1,512,514
2023-10,2023-11,1,2,0,514
2023-10,2023-11,1,3,0,514
2023-10,2023-11,1,4,1,514
2023-10,2023-11,1,6,0,514
2023-10,2023-11,2,0,1,380
2023-10,2023-11,2,1,0,380
2023-10,2023-11,2,2,376,380
2023-10,2023-11,2,3,0,380
2023-10,2023-11,2,4,3,380
2023-10,2023-11,2,6,0,380
2023-10,2023-11,3,0,0,185
2023-10,2023-11,3,1,0,185
2023-10,2023-11,3,2,0,185
2023-10,2023-11,3,3,184,185
2023-10,2023-11,3,4,1,185
2023-10,2023-11,3,6,0,185
2023-10,2023-11,4,0,10,212
2023-10,2023-11,4,1,0,212
2023-10,2023-11,4,2,0,212
2023-10,2023-11,4,3,0,212
2023-10,2023-11,4,4,202,212
2023-10,2023-11,4,6,0,212
2023-10,2023-11,6,0,0,140
2023-10,2023-11,6,1,11,140
2023-10,2023-11,6,2,0,140
2023-10,2023-11,6,3,0,140
2023-10,2023-11,6,4,0,140
2023-10,2023-11,6,6,129,140
2023-11,2023-12,0,0,420,422
2023-11,2023-12,0,1,1,422
2023-11,2023-12,0,2,1,422
2023-11,2023-12,0,3,0,422
2023-11,2023-12,0,4,0,422
2023-11,2023-12,0,6,0,422
2023-11,2023-12,0,7,0,422
2023-11,2023-12,1,0,0,524
2023-11,2023-12,1,1,521,524
2023-11,2023-12,1,2,0,524
2023-11,2023-12,1,3,0,524
2023-11,2023-12,1,4,1,524
2023-11,2023-12,1,6,2,524
2023-11,2023-12,1,7,0,524
2023-11,2023-12,2,0,1,379
2023-11,2023-12,2,1,3,379
2023-11,2023-12,2,2,374,379
2023-11,2023-12,2,3,0,379
2023-11,2023-12,2,4,1,379
2023-11,2023-12,2,6,0,379
2023-11,2023-12,2,7,0,379
2023-11,2023-12,3,0,0,184
2023-11,2023-12,3,1,0,184
2023-11,2023-12,3,2,0,184
2023-11,2023-12,3,3,184,184
2023-11,2023-12,3,4,0,184
2023-11,2023-12,3,6,0,184
2023-11,2023-12,3,7,0,184
2023-11,2023-12,4,0,48,378
2023-11,2023-12,4,1,4,378
2023-11,2023-12,4,2,1,378
2023-11,2023-12,4,3,0,378
2023-11,2023-12,4,4,166,378
2023-11,2023-12,4,6,0,378
2023-11,2023-12,4,7,159,378
2023-11,2023-12,6,0,0,129
2023-11,2023-12,6,1,2,129
2023-11,2023-12,6,2,0,129
2023-11,2023-12,6,3,0,129
2023-11,2023-12,6,4,0,129
2023-11,2023-12,6,6,127,129
2023-11,2023-12,6,7,0,129
2023-12,2024-01,0,0,420,469
2023-12,2024-01,0,1,1,469
2023-12,2024-01,0,2,6,469
2023-12,2024-01,0,3,1,469
2023-12,2024-01,0,6,0,469
2023-12,2024-01,0,7,41,469
2023-12,2024-01,1,0,6,531
2023-12,2024-01,1,1,522,531
2023-12,2024-01,1,2,2,531
2023-12,2024-01,1,3,0,531
2023-12,2024-01,1,6,1,531
2023-12,2024-01,1,7,0,531
2023-12,2024-01,2,0,3,376
2023-12,2024-01,2,1,0,376
2023-12,2024-01,2,2,372,376
2023-12,2024-01,2,3,1,376
2023-12,2024-01,2,6,0,376
2023-12,2024-01,2,7,0,376
2023-12,2024-01,3,0,0,184
2023-12,2024-01,3,1,0,184
2023-12,2024-01,3,2,0,184
2023-12,2024-01,3,3,184,184
2023-12,2024-01,3,6,0,184
2023-12,2024-01,3,7,0,184
2023-12,2024-01,4,0,167,168
2023-12,2024-01,4,1,0,168
2023-12,2024-01,4,2,1,168
2023-12,2024-01,4,3,0,168
2023-12,2024-01,4,6,0,168
2023-12,2024-01,4,7,0,168
2023-12,2024-01,6,0,0,129
2023-12,2024-01,6,1,3,129
2023-12,2024-01,6,2,0,129
2023-12,2024-01,6,3,0,129
2023-12,2024-01,6,6,126,129
2023-12,2024-01,6,7,0,129
2023-12,2024-01,7,0,0,159
2023-12,2024-01,7,1,0,159
2023-12,2024-01,7,2,0,159
2023-12,2024-01,7,3,0,159
2023-12,2024-01,7,6,0,159
2023-12,2024-01,7,7,159,159
2024-01,2024-02,0,0,588,596
2024-01,2024-02,0,1,0,596
2024-01,2024-02,0,2,0,596
2024-01,2024-02,0,3,3,596
2024-01,2024-02,0,6,0,596
2024-01,2024-02,0,7,5,596
2024-01,2024-02,1,0,1,526
2024-01,2024-02,1,1,522,526
2024-01,2024-02,1,2,0,526
2024-01,2024-02,1,3,0,526
2024-01,2024-02,1,6,3,526
2024-01,2024-02,1,7,0,526
2024-01,2024-02,2,0,2,381
2024-01,2024-02,2,1,2,381
2024-01,2024-02,2,2,376,381
2024-01,2024-02,2,3,1,381
2024-01,2024-02,2,6,0,381
2024-01,2024-02,2,7,0,381
2024-01,2024-02,3,0,0,186
2024-01,2024-02,3,1,0,186
2024-01,2024-02,3,2,0,186
2024-01,2024-02,3,3,185,186
2024-01,2024-02,3,6,1,186
2024-01,2024-02,3,7,0,186
2024-01,2024-02,6,0,0,127
2024-01,2024-02,6,1,0,127
2024-01,2024-02,6,2,0,127
2024-01,2024-02,6,3,0,127
2024-01,2024-02,6,6,127,127
2024-01,2024-02,6,7,0,127
2024-01,2024-02,7,0,0,200
2024-01,2024-02,7,1,0,200
2024-01,2024-02,7,2,0,200
2024-01,2024-02,7,3,0,200
2024-01,2024-02,7,6,0,200
2024-01,2024-02,7,7,200,200
2024-02,2024-03,0,0,591,591
2024-02,2024-03,0,1,0,591
2024-02,2024-03,0,2,0,591
2024-02,2024-03,0,3,0,591
2024-02,2024-03,0,6,0,591
2024-02,2024-03,0,7,0,591
2024-02,2024-03,1,0,0,524
2024-02,2024-03,1,1,520,524
2024-02,2024-03,1,2,2,524
2024-02,2024-03,1,3,0,524
2024-02,2024-03,1,6,2,524
2024-02,2024-03,1,7,0,524
2024-02,2024-03,2,0,4,376
2024-02,2024-03,2,1,0,376
2024-02,2024-03,2,2,372,376
2024-02,2024-03,2,3,0,376
2024-02,2024-03,2,6,0,376
2024-02,2024-03,2,7,0,376
2024-02,2024-03,3,0,1,189
2024-02,2024-03,3,1,0,189
2024-02,2024-03,3,2,1,189
2024-02,2024-03,3,3,187,189
2024-02,2024-03,3,6,0,189
2024-02,2024-03,3,7,0,189
2024-02,2024-03,6,0,0,131
2024-02,2024-03,6,1,0,131
2024-02,2024-03,6,2,0,131
2024-02,2024-03,6,3,0,131
2024-02,2024-03,6,6,131,131
2024-02,2024-03,6,7,0,131
2024-02,2024-03,7,0,0,205
2024-02,2024-03,7,1,0,205
2024-02,2024-03,7,2,0,205
2024-02,2024-03,7,3,0,205
2024-02,2024-03,7,6,0,205
2024-02,2024-03,7,7,205,205
2024-03,2024-04,0,0,590,596
2024-03,2024-04,0,1,1,596
2024-03,2024-04,0,2,3,596
2024-03,2024-04,0,3,1,596
2024-03,2024-04,0,6,0,596
2024-03,2024-04,0,7,1,596
2024-03,2024-04,1,0,2,520
2024-03,2024-04,1,1,517,520
2024-03,2024-04,1,2,0,520
2024-03,2024-04,1,3,0,520
2024-03,2024-04,1,6,1,520
2024-03,2024-04,1,7,0,520
2024-03,2024-04,2,0,1,375
2024-03,2024-04,2,1,1,375
2024-03,2024-04,2,2,373,375
2024-03,2024-04,2,3,0,375
2024-03,2024-04,2,6,0,375
2024-03,2024-04,2,7,0,375
2024-03,2024-04,3,0,2,187
2024-03,2024-04,3,1,0,187
2024-03,2024-04,3,2,0,187
2024-03,2024-04,3,3,185,187
2024-03,2024-04,3,6,0,187
2024-03,2024-04,3,7,0,187
2024-03,2024-04,6,0,0,133
2024-03,2024-04,6,1,0,133
2024-03,2024-04,6,2,0,133
2024-03,2024-04,6,3,0,133
2024-03,2024-04,6,6,133,133
2024-03,2024-04,6,7,0,133
2024-03,2024-04,7,0,0,205
2024-03,2024-04,7,1,0,205
2024-03,2024-04,7,2,0,205
2024-03,2024-04,7,3,0,205
2024-03,2024-04,7,6,0,205
2024-03,2024-04,7,7,205,205
2024-04,2024-05,0,0,593,595
2024-04,2024-05,0,1,0,595
2024-04,2024-05,0,2,2,595
2024-04,2024-05,0,3,0,595
2024-04,2024-05,0,6,0,595
2024-04,2024-05,0,7,0,595
2024-04,2024-05,1,0,0,519
2024-04,2024-05,1,1,511,519
2024-04,2024-05,1,2,1,519
2024-04,2024-05,1,3,0,519
2024-04,2024-05,1,6,7,519
2024-04,2024-05,1,7,0,519
2024-04,2024-05,2,0,1,376
2024-04,2024-05,2,1,1,376
2024-04,2024-05,2,2,374,376
2024-04,2024-05,2,3,0,376
2024-04,2024-05,2,6,0,376
2024-04,2024-05,2,7,0,376
2024-04,2024-05,3,0,0,186
2024-04,2024-05,3,1,0,186
2024-04,2024-05,3,2,0,186
2024-04,2024-05,3,3,186,186
2024-04,2024-05,3,6,0,186
2024-04,2024-05,3,7,0,186
2024-04,2024-05,6,0,0,134
2024-04,2024-05,6,1,0,134
2024-04,2024-05,6,2,0,134
2024-04,2024-05,6,3,0,134
2024-04,2024-05,6,6,134,134
2024-04,2024-05,6,7,0,134
2024-04,2024-05,7,0,0,206
2024-04,2024-05,7,1,0,206
2024-04,2024-05,7,2,0,206
2024-04,2024-05,7,3,0,206
2024-04,2024-05,7,6,0,206
2024-04,2024-05,7,7,206,206
2024-05,2024-06,0,0,578,594
2024-05,2024-06,0,1,14,594
2024-05,2024-06,0,2,1,594
2024-05,2024-06,0,3,1,594
2024-05,2024-06,0,6,0,594
2024-05,2024-06,0,7,0,594
2024-05,2024-06,1,0,2,512
2024-05,2024-06,1,1,502,512
2024-05,2024-06,1,2,0,512
2024-05,2024-06,1,3,0,512
2024-05,2024-06,1,6,8,512
2024-05,2024-06,1,7,0,512
2024-05,2024-06,2,0,1,377
2024-05,2024-06,2,1,0,377
2024-05,2024-06,2,2,376,377
2024-05,2024-06,2,3,0,377
2024-05,2024-06,2,6,0,377
2024-05,2024-06,2,7,0,377
2024-05,2024-06,3,0,0,186
2024-05,2024-06,3,1,0,186
2024-05,2024-06,3,2,0,186
2024-05,2024-06,3,3,186,186
2024-05,2024-06,3,6,0,186
2024-05,2024-06,3,7,0,186
2024-05,2024-06,6,0,0,141
2024-05,2024-06,6,1,0,141
2024-05,2024-06,6,2,0,141
2024-05,2024-06,6,3,0,141
2024-05,2024-06,6,6,141,141
2024-05,2024-06,6,7,0,141
2024-05,2024-06,7,0,0,206
2024-05,2024-06,7,1,0,206
2024-05,2024-06,7,2,0,206
2024-05,2024-06,7,3,0,206
2024-05,2024-06,7,6,0,206
2024-05,2024-06,7,7,206,206
2024-06,2024-07,0,0,577,581
2024-06,2024-07,0,1,3,581
2024-06,2024-07,0,2,0,581
2024-06,2024-07,0,3,1,581
2024-06,2024-07,0,6,0,581
2024-06,2024-07,0,7,0,581
2024-06,2024-07,1,0,2,516
2024-06,2024-07,1,1,513,516
2024-06,2024-07,1,2,0,516
2024-06,2024-07,1,3,0,516
2024-06,2024-07,1,6,0,516
2024-06,2024-07,1,7,1,516
2024-06,2024-07,2,0,0,377
2024-06,2024-07,2,1,0,377
2024-06,2024-07,2,2,377,377
2024-06,2024-07,2,3,0,377
2024-06,2024-07,2,6,0,377
2024-06,2024-07,2,7,0,377
2024-06,2024-07,3,0,0,187
2024-06,2024-07,3,1,0,187
2024-06,2024-07,3,2,0,187
2024-06,2024-07,3,3,187,187
2024-06,2024-07,3,6,0,187
2024-06,2024-07,3,7,0,187
2024-06,2024-07,6,0,0,149
2024-06,2024-07,6,1,6,149
2024-06,2024-07,6,2,0,149
2024-06,2024-07,6,3,0,149
2024-06,2024-07,6,6,143,149
2024-06,2024-07,6,7,0,149
2024-06,2024-07,7,0,1,206
2024-06,2024-07,7,1,0,206
2024-06,2024-07,7,2,0,206
2024-06,2024-07,7,3,0,206
2024-06,2024-07,7,6,0,206
2024-06,2024-07,7,7,205,206
2024-07,2024-08,0,0,577,580
2024-07,2024-08,0,1,2,580
2024-07,2024-08,0,2,1,580
2024-07,2024-08,0,3,0,580
2024-07,2024-08,0,6,0,580
2024-07,2024-08,0,7,0,580
2024-07,2024-08,1,0,1,522
2024-07,2024-08,1,1,520,522
2024-07,2024-08,1,2,1,522
2024-07,2024-08,1,3,0,522
2024-07,2024-08,1,6,0,522
2024-07,2024-08,1,7,0,522
2024-07,2024-08,2,0,1,377
2024-07,2024-08,2,1,1,377
2024-07,2024-08,2,2,375,377
2024-07,2024-08,2,3,0,377
2024-07,2024-08,2,6,0,377
2024-07,2024-08,2,7,0,377
2024-07,2024-08,3,0,0,188
2024-07,2024-08,3,1,0,188
2024-07,2024-08,3,2,0,188
2024-07,2024-08,3,3,188,188
2024-07,2024-08,3,6,0,188
2024-07,2024-08,3,7,0,188
2024-07,2024-08,6,0,0,143
2024-07,2024-08,6,1,5,143
2024-07,2024-08,6,2,0,143
2024-07,2024-08,6,3,0,143
2024-07,2024-08,6,6,138,143
2024-07,2024-08,6,7,0,143
2024-07,2024-08,7,0,4,206
2024-07,2024-08,7,1,0,206
2024-07,2024-08,7,2,0,206
2024-07,2024-08,7,3,0,206
2024-07,2024-08,7,6,0,206
2024-07,2024-08,7,7,202,206
2024-08,2024-09,0,0,581,583
2024-08,2024-09,0,1,1,583
2024-08,2024-09,0,2,1,583
2024-08,2024-09,0,3,0,583
2024-08,2024-09,0,6,0,583
2024-08,2024-09,0,7,0,583
2024-08,2024-09,1,0,1,528
2024-08,2024-09,1,1,527,528
2024-08,2024-09,1,2,0,528
2024-08,2024-09,1,3,0,528
2024-08,2024-09,1,6,0,528
2024-08,2024-09,1,7,0,528
2024-08,2024-09,2,0,0,377
2024-08,2024-09,2,1,0,377
2024-08,2024-09,2,2,377,377
2024-08,2024-09,2,3,0,377
2024-08,2024-09,2,6,0,377
2024-08,2024-09,2,7,0,377
2024-08,2024-09,3,0,0,188
2024-08,2024-09,3,1,0,188
2024-08,2024-09,3,2,0,188
2024-08,2024-09,3,3,188,188
2024-08,2024-09,3,6,0,188
2024-08,2024-09,3,7,0,188
2024-08,2024-09,6,0,0,138
2024-08,2024-09,6,1,4,138
2024-08,2024-09,6,2,0,138
2024-08,2024-09,6,3,1,138
2024-08,2024-09,6,6,133,138
2024-08,2024-09,6,7,0,138
2024-08,2024-09,7,0,1,202
2024-08,2024-09,7,1,0,202
2024-08,2024-09,7,2,0,202
2024-08,2024-09,7,3,0,202
2024-08,2024-09,7,6,0,202
2024-08,2024-09,7,7,201,202
2024-09,2024-10,0,0,574,583
2024-09,2024-10,0,1,5,583
2024-09,2024-10,0,2,0,583
2024-09,2024-10,0,3,0,583
2024-09,2024-10,0,6,0,583
2024-09,2024-10,0,7,3,583
2024-09,2024-10,0,8,1,583
2024-09,2024-10,1,0,0,532
2024-09,2024-10,1,1,530,532
2024-09,2024-10,1,2,1,532
2024-09,2024-10,1,3,0,532
2024-09,2024-10,1,6,0,532
2024-09,2024-10,1,7,0,532
2024-09,2024-10,1,8,1,532
2024-09,2024-10,2,0,1,378
2024-09,2024-10,2,1,0,378
2024-09,2024-10,2,2,376,378
2024-09,2024-10,2,3,0,378
2024-09,2024-10,2,6,0,378
2024-09,2024-10,2,7,0,378
2024-09,2024-10,2,8,1,378
2024-09,2024-10,3,0,0,189
2024-09,2024-10,3,1,1,189
2024-09,2024-10,3,2,0,189
2024-09,2024-10,3,3,188,189
2024-09,2024-10,3,6,0,189
2024-09,2024-10,3,7,0,189
2024-09,2024-10,3,8,0,189
2024-09,2024-10,6,0,0,133
2024-09,2024-10,6,1,0,133
2024-09,2024-10,6,2,0,133
2024-09,2024-10,6,3,0,133
2024-09,2024-10,6,6,133,133
2024-09,2024-10,6,7,0,133
2024-09,2024-10,6,8,0,133
2024-09,2024-10,7,0,1,201
2024-09,2024-10,7,1,0,201
2024-09,2024-10,7,2,0,201
2024-09,2024-10,7,3,0,201
2024-09,2024-10,7,6,0,201
2024-09,2024-10,7,7,200,201
2024-09,2024-10,7,8,0,201
2024-10,2024-11,0,0,567,576
2024-10,2024-11,0,1,2,576
2024-10,2024-11,0,2,2,576
2024-10,2024-11,0,3,1,576
2024-10,2024-11,0,6,0,576
2024-10,2024-11,0,7,4,576
2024-10,2024-11,1,0,1,536
2024-10,2024-11,1,1,528,536
2024-10,2024-11,1,2,0,536
2024-10,2024-11,1,3,0,536
2024-10,2024-11,1,6,7,536
2024-10,2024-11,1,7,0,536
2024-10,2024-11,2,0,0,377
2024-10,2024-11,2,1,0,377
2024-10,2024-11,2,2,377,377
2024-10,2024-11,2,3,0,377
2024-10,2024-11,2,6,0,377
2024-10,2024-11,2,7,0,377
2024-10,2024-11,3,0,0,188
2024-10,2024-11,3,1,0,188
2024-10,2024-11,3,2,0,188
2024-10,2024-11,3,3,188,188
2024-10,2024-11,3,6,0,188
2024-10,2024-11,3,7,0,188
2024-10,2024-11,6,0,0,133
2024-10,2024-11,6,1,6,133
2024-10,2024-11,6,2,0,133
2024-10,2024-11,6,3,0,133
2024-10,2024-11,6,6,127,133
2024-10,2024-11,6,7,0,133
2024-10,2024-11,7,0,3,203
2024-10,2024-11,7,1,0,203
2024-10,2024-11,7,2,0,203
2024-10,2024-11,7,3,0,203
2024-10,2024-11,7,6,0,203
2024-10,2024-11,7,7,200,203
2024-10,2024-11,8,0,2,3
2024-10,2024-11,8,1,0,3
2024-10,2024-11,8,2,1,3
2024-10,2024-11,8,3,0,3
2024-10,2024-11,8,6,0,3
2024-10,2024-11,8,7,0,3
2024-11,2024-12,0,0,570,573
2024-11,2024-12,0,1,1,573
2024-11,2024-12,0,2,2,573
2024-11,2024-12,0,3,0,573
2024-11,2024-12,0,6,0,573
2024-11,2024-12,0,7,0,573
2024-11,2024-12,1,0,7,536
2024-11,2024-12,1,1,528,536
2024-11,2024-12,1,2,0,536
2024-11,2024-12,1,3,0,536
2024-11,2024-12,1,6,0,536
2024-11,2024-12,1,7,1,536
2024-11,2024-12,2,0,1,380
2024-11,2024-12,2,1,1,380
2024-11,2024-12,2,2,377,380
2024-11,2024-12,2,3,1,380
2024-11,2024-12,2,6,0,380
2024-11,2024-12,2,7,0,380
2024-11,2024-12,3,0,2,189
2024-11,2024-12,3,1,0,189
2024-11,2024-12,3,2,0,189
2024-11,2024-12,3,3,187,189
2024-11,2024-12,3,6,0,189
2024-11,2024-12,3,7,0,189
2024-11,2024-12,6,0,0,134
2024-11,2024-12,6,1,16,134
2024-11,2024-12,6,2,0,134
2024-11,2024-12,6,3,2,134
2024-11,2024-12,6,6,116,134
2024-11,2024-12,6,7,0,134
2024-11,2024-12,7,0,0,204
2024-11,2024-12,7,1,0,204
2024-11,2024-12,7,2,0,204
2024-11,2024-12,7,3,0,204
2024-11,2024-12,7,6,0,204
2024-11,2024-12,7,7,204,204
