quarter_from,quarter_to,type_from,type_to,n_movers,n_base
2023Q1,2023Q2,0,0,571,572
2023Q1,2023Q2,0,1,1,572
2023Q1,2023Q2,0,2,0,572
2023Q1,2023Q2,0,3,0,572
2023Q1,2023Q2,0,4,0,572
2023Q1,2023Q2,0,5,0,572
2023Q1,2023Q2,1,0,3,551
2023Q1,2023Q2,1,1,548,551
2023Q1,2023Q2,1,2,0,551
2023Q1,2023Q2,1,3,0,551
2023Q1,2023Q2,1,4,0,551
2023Q1,2023Q2,1,5,0,551
2023Q1,2023Q2,2,0,0,378
2023Q1,2023Q2,2,1,0,378
2023Q1,2023Q2,2,2,378,378
2023Q1,2023Q2,2,3,0,378
2023Q1,2023Q2,2,4,0,378
2023Q1,2023Q2,2,5,0,378
2023Q1,2023Q2,3,0,1,193
2023Q1,2023Q2,3,1,1,193
2023Q1,2023Q2,3,2,0,193
2023Q1,2023Q2,3,3,191,193
2023Q1,2023Q2,3,4,0,193
2023Q1,2023Q2,3,5,0,193
2023Q1,2023Q2,4,0,0,212
2023Q1,2023Q2,4,1,0,212
2023Q1,2023Q2,4,2,0,212
2023Q1,2023Q2,4,3,0,212
2023Q1,2023Q2,4,4,212,212
2023Q1,2023Q2,4,5,0,212
2023Q1,2023Q2,5,0,1,110
2023Q1,2023Q2,5,1,4,110
2023Q1,2023Q2,5,2,0,110
2023Q1,2023Q2,5,3,0,110
2023Q1,2023Q2,5,4,0,110
2023Q1,2023Q2,5,5,105,110
2023Q2,2023Q3,0,0,580,582
2023Q2,2023Q3,0,1,2,582
2023Q2,2023Q3,0,2,0,582
2023Q2,2023Q3,0,3,0,582
2023Q2,2023Q3,0,4,0,582
2023Q2,2023Q3,1,0,14,560
2023Q2,2023Q3,1,1,544,560
2023Q2,2023Q3,1,2,2,560
2023Q2,2023Q3,1,3,0,560
2023Q2,2023Q3,1,4,0,560
2023Q2,2023Q3,2,0,6,381
2023Q2,2023Q3,2,1,0,381
2023Q2,2023Q3,2,2,375,381
2023Q2,2023Q3,2,3,0,381
2023Q2,2023Q3,2,4,0,381
2023Q2,2023Q3,3,0,0,187
2023Q2,2023Q3,3,1,0,187
2023Q2,2023Q3,3,2,0,187
2023Q2,2023Q3,3,3,187,187
2023Q2,2023Q3,3,4,0,187
2023Q2,2023Q3,4,0,2,204
2023Q2,2023Q3,4,1,0,204
2023Q2,2023Q3,4,2,0,204
2023Q2,2023Q3,4,3,0,204
2023Q2,2023Q3,4,4,202,204
2023Q2,2023Q3,5,0,0,102
2023Q2,2023Q3,5,1,101,102
2023Q2,2023Q3,5,2,1,102
2023Q2,2023Q3,5,3,0,102
2023Q2,2023Q3,5,4,0,102
2023Q3,2023Q4,0,0,581,603
2023Q3,2023Q4,0,1,7,603
2023Q3,2023Q4,0,2,4,603
2023Q3,2023Q4,0,3,1,603
2023Q3,2023Q4,0,4,10,603
2023Q3,2023Q4,0,6,0,603
2023Q3,2023Q4,1,0,0,525
2023Q3,2023Q4,1,1,506,525
2023Q3,2023Q4,1,2,0,525
2023Q3,2023Q4,1,3,0,525
2023Q3,2023Q4,1,4,0,525
2023Q3,2023Q4,1,6,19,525
2023Q3,2023Q4,2,0,1,378
2023Q3,2023Q4,2,1,1,378
2023Q3,2023Q4,2,2,376,378
2023Q3,2023Q4,2,3,0,378
2023Q3,2023Q4,2,4,0,378
2023Q3,2023Q4,2,6,0,378
2023Q3,2023Q4,3,0,3,188
2023Q3,2023Q4,3,1,0,188
2023Q3,2023Q4,3,2,0,188
2023Q3,2023Q4,3,3,184,188
2023Q3,2023Q4,3,4,0,188
2023Q3,2023Q4,3,6,1,188
2023Q3,2023Q4,4,0,0,202
2023Q3,2023Q4,4,1,0,202
2023Q3,2023Q4,4,2,0,202
2023Q3,2023Q4,4,3,0,202
2023Q3,2023Q4,4,4,202,202
2023Q3,2023Q4,4,6,0,202
2023Q3,2023Q4,6,0,0,120
2023Q3,2023Q4,6,1,0,120
2023Q3,2023Q4,6,2,0,120
2023Q3,2023Q4,6,3,0,120
2023Q3,2023Q4,6,4,0,120
2023Q3,2023Q4,6,6,120,120
2023Q4,2024Q1,0,0,420,469
2023Q4,2024Q1,0,1,1,469
2023Q4,2024Q1,0,2,6,469
2023Q4,2024Q1,0,3,1,469
2023Q4,2024Q1,0,6,0,469
2023Q4,2024Q1,0,7,41,469
2023Q4,2024Q1,1,0,6,531
2023Q4,2024Q1,1,1,522,531
2023Q4,2024Q1,1,2,2,531
2023Q4,2024Q1,1,3,0,531
2023Q4,2024Q1,1,6,1,531
2023Q4,2024Q1,1,7,0,531
2023Q4,2024Q1,2,0,3,376
2023Q4,2024Q1,2,1,0,376
2023Q4,2024Q1,2,2,372,376
2023Q4,2024Q1,2,3,1,376
2023Q4,2024Q1,2,6,0,376
2023Q4,2024Q1,2,7,0,376
2023Q4,2024Q1,3,0,0,184
2023Q4,2024Q1,3,1,0,184
2023Q4,2024Q1,3,2,0,184
2023Q4,2024Q1,3,3,184,184
2023Q4,2024Q1,3,6,0,184
2023Q4,2024Q1,3,7,0,184
2023Q4,2024Q1,4,0,167,168
2023Q4,2024Q1,4,1,0,168
2023Q4,2024Q1,4,2,1,168
2023Q4,2024Q1,4,3,0,168
2023Q4,2024Q1,4,6,0,168
2023Q4,2024Q1,4,7,0,168
2023Q4,2024Q1,6,0,0,129
2023Q4,2024Q1,6,1,3,129
2023Q4,2024Q1,6,2,0,129
2023Q4,2024Q1,6,3,0,129
2023Q4,2024Q1,6,6,126,129
2023Q4,2024Q1,6,7,0,129
2023Q4,2024Q1,7,0,0,159
2023Q4,2024Q1,7,1,0,159
2023Q4,2024Q1,7,2,0,159
2023Q4,2024Q1,7,3,0,159
2023Q4,2024Q1,7,6,0,159
2023Q4,2024Q1,7,7,159,159
2024Q1,2024Q2,0,0,590,596
2024Q1,2024Q2,0,1,1,596
2024Q1,2024Q2,0,2,3,596
2024Q1,2024Q2,0,3,1,596
2024Q1,2024Q2,0,6,0,596
2024Q1,2024Q2,0,7,1,596
2024Q1,2024Q2,1,0,2,520
2024Q1,2024Q2,1,1,517,520
2024Q1,2024Q2,1,2,0,520
2024Q1,2024Q2,1,3,0,520
2024Q1,2024Q2,1,6,1,520
2024Q1,2024Q2,1,7,0,520
2024Q1,2024Q2,2,0,1,375
2024Q1,2024Q2,2,1,1,375
2024Q1,2024Q2,2,2,373,375
2024Q1,2024Q2,2,3,0,375
2024Q1,2024Q2,2,6,0,375
2024Q1,2024Q2,2,7,0,375
2024Q1,2024Q2,3,0,2,187
2024Q1,2024Q2,3,1,0,187
2024Q1,2024Q2,3,2,0,187
2024Q1,2024Q2,3,3,185,187
2024Q1,2024Q2,3,6,0,187
2024Q1,2024Q2,3,7,0,187
2024Q1,2024Q2,6,0,0,133
2024Q1,2024Q2,6,1,0,133
2024Q1,2024Q2,6,2,0,133
2024Q1,2024Q2,6,3,0,133
2024Q1,2024Q2,6,6,133,133
2024Q1,2024Q2,6,7,0,133
2024Q1,2024Q2,7,0,0,205
2024Q1,2024Q2,7,1,0,205
2024Q1,2024Q2,7,2,0,205
2024Q1,2024Q2,7,3,0,205
2024Q1,2024Q2,7,6,0,205
2024Q1,2024Q2,7,7,205,205
2024Q2,2024Q3,0,0,577,581
2024Q2,2024Q3,0,1,3,581
2024Q2,2024Q3,0,2,0,581
2024Q2,2024Q3,0,3,1,581
2024Q2,2024Q3,0,6,0,581
2024Q2,2024Q3,0,7,0,581
2024Q2,2024Q3,1,0,2,516
2024Q2,2024Q3,1,1,513,516
2024Q2,2024Q3,1,2,0,516
2024Q2,2024Q3,1,3,0,516
2024Q2,2024Q3,1,6,0,516
2024Q2,2024Q3,1,7,1,516
2024Q2,2024Q3,2,0,0,377
2024Q2,2024Q3,2,1,0,377
2024Q2,2024Q3,2,2,377,377
2024Q2,2024Q3,2,3,0,377
2024Q2,2024Q3,2,6,0,377
2024Q2,2024Q3,2,7,0,377
2024Q2,2024Q3,3,0,0,187
2024Q2,2024Q3,3,1,0,187
2024Q2,2024Q3,3,2,0,187
2024Q2,2024Q3,3,3,187,187
2024Q2,2024Q3,3,6,0,187
2024Q2,2024Q3,3,7,0,187
2024Q2,2024Q3,6,0,0,149
2024Q2,2024Q3,6,1,6,149
2024Q2,2024Q3,6,2,0,149
2024Q2,2024Q3,6,3,0,149
2024Q2,2024Q3,6,6,143,149
2024Q2,2024Q3,6,7,0,149
2024Q2,2024Q3,7,0,1,206
2024Q2,2024Q3,7,1,0,206
2024Q2,2024Q3,7,2,0,206
2024Q2,2024Q3,7,3,0,206
2024Q2,2024Q3,7,6,0,206
2024Q2,2024Q3,7,7,205,206
2024Q3,2024Q4,0,0,574,583
2024Q3,2024Q4,0,1,5,583
2024Q3,2024Q4,0,2,0,583
2024Q3,2024Q4,0,3,0,583
2024Q3,2024Q4,0,6,0,583
2024Q3,2024Q4,0,7,3,583
2024Q3,2024Q4,0,8,1,583
2024Q3,2024Q4,1,0,0,532
2024Q3,2024Q4,1,1,530,532
2024Q3,2024Q4,1,2,1,532
2024Q3,2024Q4,1,3,0,532
2024Q3,2024Q4,1,6,0,532
2024Q3,2024Q4,1,7,0,532
2024Q3,2024Q4,1,8,1,532
2024Q3,2024Q4,2,0,1,378
2024Q3,2024Q4,2,1,0,378
2024Q3,2024Q4,2,2,376,378
2024Q3,2024Q4,2,3,0,378
2024Q3,2024Q4,2,6,0,378
2024Q3,2024Q4,2,7,0,378
2024Q3,2024Q4,2,8,1,378
2024Q3,2024Q4,3,0,0,189
2024Q3,2024Q4,3,1,1,189
2024Q3,2024Q4,3,2,0,189
2024Q3,2024Q4,3,3,188,189
2024Q3,2024Q4,3,6,0,189
2024Q3,2024Q4,3,7,0,189
2024Q3,2024Q4,3,8,0,189
2024Q3,2024Q4,6,0,0,133
2024Q3,2024Q4,6,1,0,133
2024Q3,2024Q4,6,2,0,133
2024Q3,2024Q4,6,3,0,133
2024Q3,2024Q4,6,6,133,133
2024Q3,2024Q4,6,7,0,133
2024Q3,2024Q4,6,8,0,133
2024Q3,2024Q4,7,0,1,201
2024Q3,2024Q4,7,1,0,201
2024Q3,2024Q4,7,2,0,201
2024Q3,2024Q4,7,3,0,201
2024Q3,2024Q4,7,6,0,201
2024Q3,2024Q4,7,7,200,201
2024Q3,2024Q4,7,8,0,201
