category,mo_name_1398,admin_center,region,reason
1.0,Сельское поселение Киземское,п. Кизема,Архангельская область,нет совпадения имени
1.0,Белоберезковское городское поселение,пгт. Белая Березка (раб. пос.),Брянская область,нет совпадения имени
1.0,Городское поселение город Курлово,г. Курлово,Владимирская область,нет совпадения имени
1.0,Городское поселение поселок городского типа Сазоново,пгт. Сазоново,Вологодская область,нет совпадения имени
1.0,Городское поселение город Красавино,г. Красавино,Вологодская область,нет совпадения имени
1.0,Городское поселение Жирекенское,пгт. Жирекен,Забайкальский край,нет совпадения имени
1.0,Городское поселение Первомайское,пгт. Первомайский,Забайкальский край,нет совпадения имени
1.0,Городское поселение Петровское,пгт. Петровский,Ивановская область,нет совпадения имени
1.0,Байкальское городское поселение,г. Байкальск,Иркутская область,нет совпадения имени
1.0,Городское поселение Салаирское,г. Салаир,Кемеровская область,нет совпадения имени
1.0,Городское поселение Пикалёвское,г. Пикалёво,Ленинградская область,нет совпадения имени
1.0,Городское поселение Ревда,пгт. Ревда,Мурманская область,нет совпадения имени
1.0,Теплогорское сельское поселение,пгт. Теплая Гора,Пермский край,нет совпадения имени
1.0,Уральское городское поселение,пгт. Уральский,Пермский край,нет совпадения имени
1.0,Ярославское городское поселение,пгт. Ярославский,Приморский край,нет совпадения имени
1.0,Светлогорское сельское поселение,с. Светлогорье,Приморский край,нет совпадения имени
1.0,Городское поселение Селенгинское,пгт. Селенгинск,Республика Бурятия,нет совпадения имени
1.0,Надвоицкое городское поселение,пгт. Надвоицы,Республика Карелия,нет совпадения имени
1.0,Городское поселение поселок городского типа Камские Поляны,пгт. Камские Поляны,Республика Татарстан,нет совпадения имени
1.0,Верхнеднепровское городское поселение,пгт. Верхнеднепровский,Смоленская область,нет совпадения имени
1.0,Великооктябрьское городское поселение,пгт. Великооктябрьский,Тверская область,нет совпадения имени
2.0,Городское поселение Степноозёрский поссовет,пгт. Степное Озеро,Алтайский край,нет совпадения имени
2.0,Погарское городское поселение,пгт. Погар (раб. пос.),Брянская область,нет совпадения имени
2.0,Бытошское городское поселение,пгт. Бытошь (раб. пос.),Брянская область,нет совпадения имени
2.0,Ивотское городское поселение,пгт. Ивот (раб. пос.),Брянская область,нет совпадения имени
2.0,Елань-Коленовское городское поселение,пгт. Елань-Коленовский (раб. пос.),Воронежская область,нет совпадения имени
2.0,Городское поселение Шерловогорское,пгт. Шерловая Гора,Забайкальский край,нет совпадения имени
2.0,Городское поселение Вершино-Дарасунское,пгт. Вершино-Дарасунский,Забайкальский край,нет совпадения имени
2.0,Городское поселение Новоорловск,пгт. Новоорловск,Забайкальский край,нет совпадения имени
2.0,Городское поселение Кокуйское,пгт. Кокуй,Забайкальский край,нет совпадения имени
2.0,Городское поселение Новопавловское,пгт. Новопавловка,Забайкальский край,нет совпадения имени
2.0,Городское поселение Колобовское,пгт. Колобово,Ивановская область,нет совпадения имени
2.0,Городское поселение Наволокское,г. Наволоки,Ивановская область,нет совпадения имени
2.0,Городское поселение Каменское,пгт. Каменка,Ивановская область,нет совпадения имени
2.0,Городское поселение город Сосенский,г. Сосенский,Калужская область,нет совпадения имени
2.0,Медногорское городское поселение,пгт. Медногорский (раб. пос.),Карачаево-Черкесская Республика,нет совпадения имени
2.0,Городское поселение Шерегешское,пгт. Шерегеш,Кемеровская область,нет совпадения имени
2.0,Городской округ поселок Краснобродский,пгт. Краснобродский,Кемеровская область,нет совпадения имени
2.0,Городское поселение Мундыбашское,пгт. Мундыбаш,Кемеровская область,нет совпадения имени
2.0,Краснополянское городское поселение,пгт. Красная Поляна,Кировская область,нет совпадения имени
2.0,Демьяновское городское поселение,пгт. Демьяново,Кировская область,нет совпадения имени
2.0,Мурыгинское городское поселение,пгт. Мурыгино,Кировская область,нет совпадения имени
2.0,Городское поселение Заполярный,г. Заполярный,Мурманская область,нет совпадения имени
2.0,Городское поселение город Заволжье,г. Заволжье,Нижегородская область,нет совпадения имени
2.0,Грузинское сельское поселение,п. Краснофарфороный,Новгородская область,нет совпадения имени
2.0,Городское поселение рабочий поселок Линево,пгт. Линево (раб. пос.),Новосибирская область,нет совпадения имени
2.0,Пашийское сельское поселение,пгт. Пашия,Пермский край,нет совпадения имени
2.0,Юго-Камское сельское поселение,п. Юго-Камский,Пермский край,нет совпадения имени
2.0,Новошахтинское городское поселение,пгт. Новошахтинский,Приморский край,нет совпадения имени
2.0,Пиндушское городское поселение,пгт. Пиндуши,Республика Карелия,нет совпадения имени
2.0,Вяртсильское городское поселение,пгт. Вяртсиля,Республика Карелия,нет совпадения имени
2.0,Потьминское городское поселение,пгт. Умет,Республика Мордовия,нет совпадения имени
2.0,Городское поселение поселок Мохсоголлох,пгт. Мохсоголлох,Республика Саха (Якутия),нет совпадения имени
2.0,Городское поселение город Удачный,г. Удачный,Республика Саха (Якутия),нет совпадения имени
2.0,Городское поселение поселок Нижний Куранах,пгт. Нижний Куранах,Республика Саха (Якутия),нет совпадения имени
2.0,Эльбанское городское поселение,пгт. Эльбан,Хабаровский край,нет совпадения имени
2.0,Миньярское городское поселение,г. Миньяр,Челябинская область,нет совпадения имени
2.0,Симское городское поселение,г. Сим,Челябинская область,нет совпадения имени
2.0,Бакальское городское поселение,г. Бакал,Челябинская область,нет совпадения имени
2.0,Городское поселение поселок городского типа Беринговский,пгт. Беринговский,Чукотский автономный округ,нет совпадения имени
3.0,Любохонское городское поселение,пгт. Любохна (раб. пос.),Брянская область,нет совпадения имени
3.0,Городское поселение поселок Ставрово,пгт. Ставрово (пос.),Владимирская область,нет совпадения имени
3.0,Городское поселение Теплоозерское,пгт. Теплоозерск,Еврейская автономная область,нет совпадения имени
3.0,Городское поселение Белогорское,пгт. Белогорск,Кемеровская область,нет совпадения имени
3.0,Стрижевское городское поселение,пгт. Стрижи,Кировская область,нет совпадения имени
3.0,Городское поселение Сясьстройское,г. Сясьстрой,Ленинградская область,нет совпадения имени
3.0,Городское поселение город Ворсма,г. Ворсма,Нижегородская область,нет совпадения имени
3.0,Городское поселение рабочий поселок Мухтолово,пгт. Мухтолово,Нижегородская область,нет совпадения имени
3.0,Городское поселение рабочий поселок Решетиха,пгт. Решетиха,Нижегородская область,нет совпадения имени
3.0,Угловское городское поселение,пгт. Угловка,Новгородская область,нет совпадения имени
3.0,Красноярское городское поселение,пгт. Красный Яр (раб. пос.),Омская область,нет совпадения имени
3.0,Липовецкое городское поселение,пгт. Липовцы,Приморский край,нет совпадения имени
3.0,Сельское поселение Саганнурское,п. Саган-Нур,Республика Бурятия,нет совпадения имени
3.0,Городское поселение Жешарт,пгт. Жешарт,Республика Коми,нет совпадения имени
3.0,Тургеневское городское поселение,пгт. Тургенево,Республика Мордовия,нет совпадения имени
3.0,Комсомольское городское поселение,пгт. Комсомольский,Республика Мордовия,нет совпадения имени
3.0,Городское поселение поселок Айхал,пгт. Айхал,Республика Саха (Якутия),нет совпадения имени
3.0,Вершино-Тейское городское поселение,пгт. Вершина Теи,Республика Хакасия,нет совпадения имени
3.0,Елатомское городское поселение,пгт. Елатьма,Рязанская область,нет совпадения имени
3.0,Городское поселение Знаменский поссовет,пгт. Знаменка (раб. пос.),Тамбовская область,нет совпадения имени
3.0,Городское поселение рабочий поселок Плеханово,пгт. Плеханово (раб. пос.),Тульская область,нет совпадения имени
3.0,Городское поселение рабочий поселок Первомайский,пгт. Первомайский (р.п.),Тульская область,нет совпадения имени
3.0,Городское поселение Силикатненское,пгт. Силикатный,Ульяновская область,нет совпадения имени
