category,mo_name_1398,admin_center,region,territory_id,oktmo,mo_name_sberindex,n_hits
1.0,Городской округ город Райчихинск,г. Райчихинск,Амурская область,864,10-720-000-000,городской округ город Райчихинск,1
1.0,Городской округ город Свободный,г. Свободный,Амурская область,865,10-730-000-000,городской округ город Свободный,1
1.0,Городское поселение город Онега,г. Онега,Архангельская область,909,11-646-000-000,Онежский муниципальный район,1
1.0,Городское поселение город Камешково,г. Камешково,Владимирская область,995,17-625-000-000,Камешковский муниципальный район,1
1.0,Городской округ город Череповец,г. Череповец,Вологодская область,1046,19-730-000-000,городской округ город Череповец,1
1.0,Городское поселение Южское,г. Южа,Ивановская область,1132,24-635-000-000,Южский муниципальный район,1
1.0,Городское поселение город Шелехов,г. Шелехов,Иркутская область,1169,25-655-000-000,Шелеховский муниципальный район,1
1.0,Городской округ город Юрга,г. Юрга,Кемеровская область,1238,32-749-000-000,городской округ Юргинский,2
1.0,Городской округ город Анжеро-Судженск,г. Анжеро-Судженск,Кемеровская область,1225,32-704-000-000,городской округ Анжеро-Судженский,1
1.0,Городской округ город Прокопьевск,г. Прокопьевск,Кемеровская область,1236,32-737-000-000,городской округ Прокопьевский,2
1.0,Городское поселение город Таштагол,г. Таштагол,Кемеровская область,1250,32-627-000-000,Таштагольский муниципальный район,1
1.0,Лузское городское поселение,г. Луза,Кировская область,1279,33-522-000-000,муниципальный округ Лузский,1
1.0,Городской округ город Вятские Поляны,г. Вятские Поляны,Кировская область,1259,33-704-000-000,городской округ город Вятские Поляны,1
1.0,Кирсинское городское поселение,г. Кирс,Кировская область,1268,33-507-000-000,муниципальный округ Верхнекамский,1
1.0,Белохолуницкое городское поселение,г. Белая Холуница,Кировская область,1266,33-605-000-000,Белохолуницкий муниципальный район,1
1.0,Городской округ город Кировск,г. Кировск,Мурманская область,1508,47-522-000-000,муниципальный округ город Кировск,1
1.0,Пестовское городское поселение,г. Пестово,Новгородская область,1589,49-532-000-000,муниципальный округ Пестовский,1
1.0,Городское поселение город Кувандык,г. Кувандык,Оренбургская область,1670,53-714-000-000,городской округ Кувандыкский,1
1.0,Сельское поселение Светлый сельсовет,п. Светлый,Оренбургская область,1701,53-642-000-000,Светлинский муниципальный район,1
1.0,Городской округ город Новотроицк,г. Новотроицк,Оренбургская область,1672,53-720-000-000,городской округ город Новотроицк,1
1.0,Красновишерское городское поселение,г. Красновишерск,Пермский край,747,57-760-000-000,городской округ Красновишерский,1
1.0,Нытвенское городское поселение,г. Нытва,Пермский край,751,57-727-000-000,городской округ Нытвенский,1
1.0,Очерское городское поселение,г. Очер,Пермский край,756,57-762-000-000,городской округ Очерский,1
1.0,Чусовское городское поселение,г. Чусовой,Пермский край,767,57-758-000-000,городской округ Чусовской,1
1.0,Дальнегорский городской округ,г. Дальнегорск,Приморский край,779,05-707-000-000,городской округ Дальнегорский,1
1.0,Городское поселение город Белебей,г. Белебей,Республика Башкортостан,38,80-609-000-000,Белебеевский муниципальный район,1
1.0,Городской округ город Кумертау,г. Кумертау,Республика Башкортостан,23,80-723-000-000,городской округ город Кумертау,1
1.0,Городской округ город Каспийск,г. Каспийск,Республика Дагестан,112,82-720-000-000,городской округ город Каспийск,1
1.0,Пудожское городское поселение,г. Пудож,Республика Карелия,220,86-642-000-000,Пудожский муниципальный район,1
1.0,Муезерское городское поселение,пгт. Муезерский,Республика Карелия,215,86-627-000-000,Муезерский муниципальный район,1
1.0,Питкярантское городское поселение,г. Питкяранта,Республика Карелия,217,86-533-000-000,Питкярантский муниципальный округ,1
1.0,Кондопожское городское поселение,г. Кондопога,Республика Карелия,211,86-615-000-000,Кондопожский муниципальный район,1
1.0,Суоярвское городское поселение,г. Суоярви,Республика Карелия,223,86-550-000-000,Суоярвский муниципальный округ,1
1.0,Городское поселение город Зеленодольск,г. Зеленодольск,Республика Татарстан,375,92-628-000-000,Зеленодольский муниципальный район,1
1.0,Городской округ город Черногорск,г. Черногорск,Республика Хакасия,452,95-715-000-000,городской округ город Черногорск,1
1.0,Городской округ город Гуково,г. Гуково,Ростовская область,1794,60-715-000-000,городской округ город Гуково,1
1.0,Городской округ Краснотурьинск,г. Краснотурьинск,Свердловская область,1993,65-745-000-000,городской округ Краснотурьинск,1
1.0,Волчанский городской округ,г. Волчанск,Свердловская область,1989,65-735-000-000,городской округ Волчанский,1
1.0,Городской округ Карпинск,г. Карпинск,Свердловская область,1988,65-742-000-000,городской округ Карпинск,1
1.0,Североуральский городской округ,г. Североуральск,Свердловская область,2009,65-755-000-000,городской округ Североуральский,1
1.0,Городской округ город Каменск-Уральский,г. Каменск-Уральский,Свердловская область,1986,65-740-000-000,городской округ город Каменск-Уральский,1
1.0,Городской округ Первоуральск,г. Первоуральск,Свердловская область,2004,65-753-000-000,городской округ Первоуральск,1
1.0,Городское поселение поселок Спирово,пгт. Спирово,Тверская область,2139,28-552-000-000,муниципальный округ Спировский,1
1.0,Городское поселение город Западная Двина,г. Западная Двина,Тверская область,2117,28-516-000-000,муниципальный округ Западнодвинский,1
1.0,Городское поселение город Кувшиново,г. Кувшиново,Тверская область,2126,28-534-000-000,муниципальный округ Кувшиновский,1
1.0,Городское поселение рабочий поселок Чегдомын,пгт. Чегдомын,Хабаровский край,848,08-614-000-000,Верхнебуреинский муниципальный район,1
1.0,Усть-Катавский городской округ,г. Усть-Катав,Челябинская область,2287,75-755-000-000,городской округ Усть-Катавский,1
1.0,Нязепетровское городское поселение,г. Нязепетровск,Челябинская область,2308,75-644-000-000,Нязепетровский муниципальный район,1
1.0,Верхнеуфалейский городской округ,г. Верхний Уфалей,Челябинская область,2276,75-706-000-000,городской округ Верхнеуфалейский,1
1.0,Карабашский городской округ,г. Карабаш,Челябинская область,2278,75-715-000-000,городской округ Карабашский,1
1.0,Ашинское городское поселение,г. Аша,Челябинская область,2293,75-609-000-000,Ашинский муниципальный район,1
1.0,Канашский городской округ,г. Канаш,Чувашская Республика,488,97-516-000-000,Канашский муниципальный округ,1
1.0,Сельское поселение Песочное,—,Ярославская область,2318,78-701-000-000,городской округ город Ярославль,19
1.0,Городское поселение Гаврилов-Ям,г. Гаврилов-Ям,Ярославская область,2324,78-612-000-000,Гаврилов-Ямский муниципальный район,1
2.0,Городской округ город Заринск,г. Заринск,Алтайский край,508,01-706-000-000,городской округ город Заринск,1
2.0,Городской округ город Алейск,г. Алейск,Алтайский край,505,01-703-000-000,городской округ город Алейск,1
2.0,Городской округ город Яровое,г. Яровое,Алтайский край,512,01-730-000-000,городской округ город Яровое,1
2.0,Городской округ город Северодвинск,г. Северодвинск,Архангельская область,896,11-730-000-000,городской округ Северодвинск,1
2.0,Городское поселение поселок Октябрьский,пгт. Октябрьский,Архангельская область,913,11-554-000-000,Устьянский муниципальный округ,1
2.0,Городской округ город Новодвинск,г. Новодвинск,Архангельская область,895,11-715-000-000,городской округ город Новодвинск,1
2.0,Городской округ город Коряжма,г. Коряжма,Архангельская область,891,11-708-000-000,городской округ город Коряжма,1
2.0,Суражское городское поселение,г. Сураж,Брянская область,983,15-654-000-000,Суражский муниципальный район,1
2.0,Городской округ город Фокино,г. Фокино,Брянская область,957,15-710-000-000,городской округ город Фокино,1
2.0,Карачевское городское поселение,г. Карачев,Брянская область,968,15-624-000-000,Карачевский муниципальный район,1
2.0,Городское поселение город Меленки,г. Меленки,Владимирская область,999,17-642-000-000,Меленковский муниципальный район,1
2.0,Городское поселение город Гороховец,г. Гороховец,Владимирская область,993,17-615-000-000,Гороховецкий муниципальный район,1
2.0,Городской округгород Фролово,г. Фролово,Волгоградская область,1012,18-728-000-000,городской округ город Фролово,1
2.0,Городской округгород Михайловка,г. Михайловка,Волгоградская область,1010,18-720-000-000,городской округ город Михайловка,1
2.0,Городское поселение город Семилуки,г. Семилуки,Воронежская область,1102,20-649-000-000,Семилукский муниципальный район,1
2.0,Городское поселение город Краснокаменск,г. Краснокаменск,Забайкальский край,585,76-621-000-000,муниципальный район Город Краснокаменск и Краснокаменский район,1
2.0,Городское поселение Савинское,пгт. Савино,Ивановская область,1128,24-625-000-000,Савинский муниципальный район,1
2.0,Городское поселение Фурмановское,г. Фурманов,Ивановская область,1130,24-631-000-000,Фурмановский муниципальный район,1
2.0,Городской округ Тейково,г. Тейково,Ивановская область,1111,24-707-000-000,городской округ Тейково,1
2.0,Городской округ город Тулун,г. Тулун,Иркутская область,1139,25-732-000-000,городской округ город Тулун,1
2.0,Городской округ Черемховское,г. Черемхово,Иркутская область,1142,25-745-000-000,городской округ город Черемхово,2
2.0,Городской округ город Саянск,г. Саянск,Иркутская область,1138,25-726-000-000,городской округ город Саянск,1
2.0,Городской округ город Усолье-Сибирское,г. Усолье-Сибирское,Иркутская область,1140,25-736-000-000,городской округ город Усолье-Сибирское,1
2.0,Городское поселение город Мариинск,г. Мариинск,Кемеровская область,1246,32-516-000-000,Мариинский муниципальный округ,1
2.0,Городское поселение город Гурьевск,г. Гурьевск,Кемеровская область,1241,32-502-000-000,Гурьевский муниципальный округ,1
2.0,Городское поселение город Топки,г. Топки,Кемеровская область,1252,32-531-000-000,Топкинский муниципальный округ,1
2.0,Городское поселение Яшкинское,пгт. Яшкино,Кемеровская область,1257,32-546-000-000,Яшкинский муниципальный округ,1
2.0,Городской округ город Мыски,г. Мыски,Кемеровская область,1232,32-728-000-000,городской округ Мысковский,1
2.0,Городской округ город Тайга,г. Тайга,Кемеровская область,1237,32-740-000-000,городской округ Тайгинский,1
2.0,Городской округ город Междуреченск,г. Междуреченск,Кемеровская область,1231,32-725-000-000,городской округ Междуреченский,1
2.0,Городской округ город Осинники,г. Осинники,Кемеровская область,1234,32-734-000-000,городской округ Осинниковский,1
2.0,Городской округгород Ленинск-Кузнецкий,г. Ленинск-Кузнецкий,Кемеровская область,1230,32-719-000-000,городской округ Ленинск-Кузнецкий,2
2.0,Городской округ город Березовский,г. Березовский,Кемеровская область,1227,32-710-000-000,городской округ Березовский,1
2.0,Городской округ город Полысаево,г. Полысаево,Кемеровская область,1235,32-732-000-000,городской округ Полысаевский,1
2.0,Городской округ город Белово,г. Белово,Кемеровская область,1226,32-707-000-000,городской округ Беловский,1
2.0,Городской округ город Киселевск,г. Киселевск,Кемеровская область,1229,32-716-000-000,городской округ Киселевский,1
2.0,Омутнинское городское поселение,г. Омутнинск,Кировская область,1285,33-628-000-000,Омутнинский муниципальный район,1
2.0,Городской округ город Мантурово,г. Мантурово,Костромская область,2618,34-520-000-000,Мантуровский муниципальный округ,1
2.0,Городской округ город Железногорск,г. Железногорск,Красноярский край,672,04-735-000-000,городской округ ЗАТО город Железногорск,1
2.0,Городской округ город Лесосибирск,г. Лесосибирск,Красноярский край,675,04-722-000-000,городской округ город Лесосибирск,1
2.0,Городской округ город Бородино,г. Бородино,Красноярский край,669,04-707-000-000,городской округ город Бородино,1
2.0,Городской округ город Зеленогорск,г. Зеленогорск,Красноярский край,673,04-737-000-000,городской округ ЗАТО город Зеленогорск,1
2.0,Городской округ город Норильск,г. Норильск,Красноярский край,678,04-729-000-000,городской округ город Норильск,1
2.0,Городское поселение город Петухово,г. Петухово,Курганская область,1348,37-526-000-000,Петуховский муниципальный округ,1
2.0,Городское поселение город Далматово,г. Далматово,Курганская область,1338,37-508-000-000,Далматовский муниципальный округ,1
2.0,Городское поселение город Катайск,г. Катайск,Курганская область,1341,37-512-000-000,Катайский муниципальный округ,1
2.0,Городской округ город Железногорск,г. Железногорск,Курская область,1360,38-705-000-000,городской округ город Железногорск,1
2.0,Городское поселение Сланцевское,г. Сланцы,Ленинградская область,1406,41-642-000-000,Сланцевский муниципальный район,1
2.0,Городское поселение город Сусуман,г. Сусуман,Магаданская область,1435,44-513-000-000,муниципальный округ Сусуманский,1
2.0,Городской округ город Мончегорск,г. Мончегорск,Мурманская область,1509,47-524-000-000,муниципальный округ город Мончегорск,1
2.0,Городской округ Ковдорского района,г. Ковдор,Мурманская область,1512,47-517-000-000,Ковдорский муниципальный округ,1
2.0,Городское поселение Никель,пгт. Никель,Мурманская область,1521,47-515-000-000,Печенгский муниципальный округ,1
2.0,Городской округ город Оленегорск,г. Оленегорск,Мурманская область,1510,47-526-000-000,муниципальный округ город Оленегорск,1
2.0,Парфинское городское поселение,пгт. Парфино,Новгородская область,1588,49-630-000-000,Парфинский муниципальный район,1
2.0,Городское поселение город Соль-Илецк,г. Соль-Илецк,Оренбургская область,1674,53-725-000-000,городской округ Соль-Илецкий,1
2.0,Городское поселение город Ясный,г. Ясный,Оренбургская область,1676,53-732-000-000,городской округ Ясненский,1
2.0,Городской округ город Мценск,г. Мценск,Орловская область,1709,54-710-000-000,городской округ город Мценск,1
2.0,Городское поселение город Сердобск,г. Сердобск,Пензенская область,1759,56-656-000-000,Сердобский муниципальный район,1
2.0,Городской округ город Заречный,г. Заречный,Пензенская область,1736,56-734-000-000,городской округ ЗАТО город Заречный,1
2.0,Горнозаводское городское поселение,г. Горнозаводск,Пермский край,739,57-714-000-000,городской округ Горнозаводский,1
2.0,Александровское городское поселение,г. Александровск,Пермский край,734,57-502-000-000,муниципальный округ Александровский,1
2.0,Лучегорское городское поселение,пгт. Лучегорск,Приморский край,799,05-534-000-000,Пожарский муниципальный округ,1
2.0,Арсеньевский городской округ,г. Арсеньев,Приморский край,776,05-703-000-000,городской округ Арсеньевский,1
2.0,Востокское городское поселение,пгт. Восток,Приморский край,775,05-701-000-000,городской округ Владивостокский,1
2.0,Спасск-Дальний городской округ,г. Спасск-Дальний,Приморский край,784,05-720-000-000,городской округ Спасск-Дальний,1
2.0,Городское поселение город Закаменск,г. Закаменск,Республика Бурятия,92,81-621-000-000,Закаменский муниципальный район,1
2.0,Городское поселение город Гусиноозерск,г. Гусиноозерск,Республика Бурятия,103,81-648-000-000,Селенгинский муниципальный район,1
2.0,Городское поселение Каменское,пгт. Каменск,Республика Бурятия,92,81-621-000-000,Закаменский муниципальный район,1
2.0,Городской округ город Дагестанские Огни,г. Дагестанские Огни,Республика Дагестан,109,82-708-000-000,городской округ город Дагестанские Огни,1
2.0,Сегежское городское поселение,г. Сегежа,Республика Карелия,221,86-545-000-000,Сегежский муниципальный округ,1
2.0,Лахденпохское городское поселение,г. Лахденпохья,Республика Карелия,212,86-618-000-000,Лахденпохский муниципальный район,1
2.0,Городской округ город Костомукша,г. Костомукша,Республика Карелия,207,86-706-000-000,городской округ Костомукшский,1
2.0,Городское поселение Емва,г. Емва,Республика Коми,231,87-608-000-000,Княжпогостский муниципальный район,1
2.0,Муниципальное образование Республики Крым,г. Армянск,Республика Крым,246,35-706-000-000,городской округ Армянск,1
2.0,Муниципальное образование Республики Крым,г. Красноперекопск,Республика Крым,250,35-718-000-000,городской округ Красноперекопск,2
2.0,Городское поселение Рузаевка,г. Рузаевка,Республика Мордовия,303,89-643-000-000,Рузаевский муниципальный район,1
2.0,Кадошкинское городское поселение,пгт. Кадошкино,Республика Мордовия,297,89-628-000-000,Кадошкинский муниципальный район,1
2.0,Атяшевское городское поселение,пгт. Атяшево,Республика Мордовия,289,89-607-000-000,Атяшевский муниципальный район,1
2.0,Городское поселение город Нерюнгри,г. Нерюнгри,Республика Саха (Якутия),330,98-660-000-000,Нерюнгринский муниципальный район,1
2.0,Городское поселение город Елабуга,г. Елабуга,Республика Татарстан,373,92-626-000-000,Елабужский муниципальный район,1
2.0,Городской округ город Абаза,г. Абаза,Республика Хакасия,449,95-702-000-000,городской округ город Абаза,1
2.0,Сельское поселение Туимский сельсовет,—,Республика Хакасия,448,95-701-000-000,городской округ город Абакан,13
2.0,Городской округ город Саяногорск,г. Саяногорск,Республика Хакасия,450,95-708-000-000,городской округ город Саяногорск,1
2.0,Городской округ город Зверево,г. Зверево,Ростовская область,1796,60-718-000-000,городской округ город Зверево,1
2.0,Городской округ город Скопин,г. Скопин,Рязанская область,1848,61-715-000-000,городской округ город Скопин,1
2.0,Городское поселение город Петровск,г. Петровск,Саратовская область,1939,63-635-000-000,Петровский муниципальный район,1
2.0,Городской округ Красноуральск,г. Красноуральск,Свердловская область,1994,65-746-000-000,городской округ Красноуральск,1
2.0,Качканарский городской округ,г. Качканар,Свердловская область,1990,65-743-000-000,городской округ Качканарский,1
2.0,Городской округ Верхняя Тура,г. Верхняя Тура,Свердловская область,1997,65-734-000-000,городской округ Верхняя Тура,1
2.0,Серовский городской округ,г. Серов,Свердловская область,2010,65-756-000-000,городской округ Серовский,1
2.0,Верхнесалдинский городской округ,г. Верхняя Салда,Свердловская область,1981,65-708-000-000,городской округ Верхнесалдинский,1
2.0,Городское поселение поселок Жарковский,пгт. Жарковский,Тверская область,2116,28-514-000-000,муниципальный округ Жарковский,1
2.0,Городское поселение город Лихославль,г. Лихославль,Тверская область,2128,28-538-000-000,муниципальный округ Лихославльский,1
2.0,Городской округ город Северск,г. Северск,Томская область,2147,69-741-000-000,городской округ ЗАТО Северск,1
2.0,Городское поселение город Алексин,г. Алексин,Тульская область,2165,70-706-000-000,городской округ город Алексин,1
2.0,Городское поселение город Ефремов,г. Ефремов,Тульская область,2168,70-714-000-000,городской округ город Ефремов,1
2.0,Городской округ город Воткинск,г. Воткинск,Удмуртская Республика,419,94-710-000-000,городской округ город Воткинск,1
2.0,Городской округ город Сарапул,г. Сарапул,Удмуртская Республика,422,94-740-000-000,городской округ город Сарапул,1
2.0,Городской округ город Димитровград,г. Димитровград,Ульяновская область,2252,73-705-000-000,городской округ город Димитровград,1
2.0,Саткинское городское поселение,г. Сатка,Челябинская область,2311,75-649-000-000,Саткинский муниципальный район,1
2.0,Озёрский городской округ,г. Озёрск,Челябинская область,2283,75-743-000-000,городской округ Озерский,1
2.0,Миасский городской округ,г. Миасс,Челябинская область,2282,75-742-000-000,городской округ Миасский,1
2.0,Златоустовский городской округ,г. Златоуст,Челябинская область,3011,75-712-000-000,городской округ Златоустовский,1
2.0,Чебаркульский городской округ,г. Чебаркуль,Челябинская область,2288,75-758-000-000,городской округ Чебаркульский,2
2.0,Алатырский городской округ,г. Алатырь,Чувашская Республика,483,97-503-000-000,Алатырский муниципальный округ,1
2.0,Шумерлинский городской округ,г. Шумерля,Чувашская Республика,500,97-550-000-000,Шумерлинский муниципальный округ,1
2.0,Мариинско-Посадское городское поселение,г. Мариинский Посад,Чувашская Республика,493,97-529-000-000,Мариинско-Посадский муниципальный округ,1
2.0,Городское поселение Ростов,г. Ростов,Ярославская область,2333,78-637-000-000,Ростовский муниципальный район,1
2.0,Городское поселение Тутаев,г. Тутаев,Ярославская область,2335,78-643-000-000,Тутаевский муниципальный район,1
3.0,Городской округ город Новоалтайск,г. Новоалтайск,Алтайский край,509,01-713-000-000,городской округ город Новоалтайск,1
3.0,Городской округ город Тында,г. Тында,Амурская область,866,10-732-000-000,городской округ город Тында,1
3.0,Городской округгород Белогорск,г. Белогорск,Амурская область,862,10-710-000-000,городской округ город Белогорск,1
3.0,Губкинский городской округ,г. Губкин,Белгородская область,932,14-730-000-000,городской округ Губкинский,1
3.0,Городской округ город Сельцо,г. Сельцо,Брянская область,956,15-725-000-000,городской округ город Сельцо,1
3.0,Городской округ город Клинцы,г. Клинцы,Брянская область,954,15-715-000-000,городской округ город Клинцы,1
3.0,Городское поселение город Кольчугино,г. Кольчугино,Владимирская область,998,17-640-000-000,Кольчугинский муниципальный район,1
3.0,Городское поселение город Вязники,г. Вязники,Владимирская область,992,17-610-000-000,Вязниковский муниципальный район,1
3.0,Городское поселение город Сокол,г. Сокол,Вологодская область,1063,19-538-000-000,Сокольский муниципальный округ,1
3.0,Городское поселение город Павловск,г. Павловск,Воронежская область,1094,20-633-000-000,Павловский муниципальный район,1
3.0,Городское поселение город Россошь,г. Россошь,Воронежская область,1101,20-647-000-000,Россошанский муниципальный район,1
3.0,Городской округ Вичуга,г. Вичуга,Ивановская область,1108,24-703-000-000,городской округ Вичуга,1
3.0,Городское поселение Приволжское,г. Приволжск,Ивановская область,1125,24-620-000-000,Приволжский муниципальный район,1
3.0,Железногорское городское поселение,г. Железногорск-Илимский,Иркутская область,1157,25-626-000-000,Нижнеилимский муниципальный район,1
3.0,Городской округгород Усть-Илимск,г. Усть-Илимск,Иркутская область,1141,25-738-000-000,городской округ город Усть-Илимск,1
3.0,Городской округ город Новокузнецк,г. Новокузнецк,Кемеровская область,1233,32-731-000-000,городской округ Новокузнецкий,2
3.0,Городской округ город Калтан,г. Калтан,Кемеровская область,1228,32-715-000-000,городской округ Калтанский,1
3.0,Уржумское городское поселение,г. Уржум,Кировская область,1298,33-641-000-000,Уржумский муниципальный район,1
3.0,Городской округ город Кирово-Чепецк,г. Кирово-Чепецк,Кировская область,1260,33-707-000-000,городской округ город Кирово-Чепецк,1
3.0,Городской округ город Галич,г. Галич,Костромская область,1306,34-708-000-000,городской округ город Галич,1
3.0,Городское поселение Варгашинский поссовет,пгт. Варгаши,Курганская область,1337,37-506-000-000,Варгашинский муниципальный округ,1
3.0,Городское поселение город Лебедянь,г. Лебедянь,Липецкая область,1422,42-633-000-000,Лебедянский муниципальный район,1
3.0,Городское поселение город Балахна,г. Балахна,Нижегородская область,1539,22-505-000-000,Балахнинский муниципальный округ,1
3.0,Городское поселение город Кулебаки,г. Кулебаки,Нижегородская область,1528,22-727-000-000,городской округ город Кулебаки,1
3.0,Городское поселение город Княгинино,г. Княгинино,Нижегородская область,1556,22-533-000-000,Княгининский муниципальный округ,1
3.0,Городское поселение город Павлово,г. Павлово,Нижегородская область,1563,22-542-000-000,Павловский муниципальный округ,1
3.0,Городское поселение город Володарск,г. Володарск,Нижегородская область,1549,22-520-000-000,Володарский муниципальный округ,1
3.0,Городской округ город Первомайск,г. Первомайск,Нижегородская область,1534,22-734-000-000,городской округ город Первомайск,1
3.0,Городской округ город Выкса,г. Выкса,Нижегородская область,1526,22-715-000-000,городской округ город Выкса,1
3.0,Городское поселение город Навашино,г. Навашино,Нижегородская область,1529,22-730-000-000,городской округ Навашинский,1
3.0,Боровичское городское поселение,г. Боровичи,Новгородская область,1577,49-606-000-000,Боровичский муниципальный район,1
3.0,Городской округ город Медногорск,г. Медногорск,Оренбургская область,1671,53-715-000-000,городской округ город Медногорск,1
3.0,Городской округ город Гай,г. Гай,Оренбургская область,1669,53-713-000-000,городской округ Гайский,1
3.0,Городское поселение город Никольск,г. Никольск,Пензенская область,1756,56-653-000-000,Никольский муниципальный район,1
3.0,Городской округгород Нефтекамск,г. Нефтекамск,Республика Башкортостан,25,80-727-000-000,городской округ город Нефтекамск,1
3.0,Городское поселение город Благовещенск,г. Благовещенск,Республика Башкортостан,44,80-615-000-000,Благовещенский муниципальный район,1
3.0,Городское поселение город Учалы,г. Учалы,Республика Башкортостан,77,80-653-000-000,Учалинский муниципальный район,1
3.0,Городское поселение город Белорецк,г. Белорецк,Республика Башкортостан,40,80-611-000-000,Белорецкий муниципальный район,1
3.0,Городской округгород Северобайкальск,г. Северобайкальск,Республика Бурятия,85,81-720-000-000,городской округ город Северобайкальск,1
3.0,Городской округ Воркута,г. Воркута,Республика Коми,225,87-710-000-000,городской округ Воркута,1
3.0,Городской округ Инта,г. Инта,Республика Коми,227,87-715-000-000,городской округ Инта,1
3.0,Городское поселение город Мирный,г. Мирный,Республика Саха (Якутия),327,98-631-000-000,Мирнинский муниципальный район,1
3.0,Городское поселение город Менделеевск,г. Менделеевск,Республика Татарстан,382,92-639-000-000,Менделеевский муниципальный район,1
3.0,Городское поселение город Нижнекамск,г. Нижнекамск,Республика Татарстан,385,92-644-000-000,Нижнекамский муниципальный район,1
3.0,Городской округ город Набережные Челны,г. Набережные Челны,Республика Татарстан,355,92-730-000-000,городской округ город Набережные Челны,1
3.0,Городской округ город Сорск,г. Сорск,Республика Хакасия,451,95-709-000-000,городской округ город Сорск,1
3.0,Городской округ город Донецк,г. Донецк,Ростовская область,1795,60-717-000-000,городской округ город Донецк,1
3.0,Городской округ Чапаевск,г. Чапаевск,Самарская область,1883,36-750-000-000,городской округ Чапаевск,1
3.0,Городской округ Тольятти,г. Тольятти,Самарская область,1882,36-740-000-000,городской округ Тольятти,1
3.0,Городское поселение город Вольск,г. Вольск,Саратовская область,1922,63-611-000-000,Вольский муниципальный район,1
3.0,Полевской городской округ,г. Полевской,Свердловская область,2005,65-754-000-000,городской округ Полевской,1
3.0,Асбестовский городской округ,г. Асбест,Свердловская область,1974,65-730-000-000,городской округ Асбестовский,1
3.0,Городской округ город Нижний Тагил,г. Нижний Тагил,Свердловская область,2000,65-751-000-000,городской округ город Нижний Тагил,1
3.0,Городской округ Ревда,г. Ревда,Свердловская область,2006,65-719-000-000,городской округ Ревда,1
3.0,Городской округ Верхняя Пышма,г. Верхняя Пышма,Свердловская область,1979,65-732-000-000,городской округ Верхняя Пышма,1
3.0,Малышевский городской округ,пгт. Малышева,Свердловская область,1975,65-762-000-000,городской округ Малышевский,1
3.0,Городской округ город Невинномысск,г. Невинномысск,Ставропольский край,820,07-724-000-000,городской округ город Невинномысск,1
3.0,Городской округ город Котовск,г. Котовск,Тамбовская область,2073,68-710-000-000,городской округ город Котовск,1
3.0,Городской округ город Глазов,г. Глазов,Удмуртская Республика,420,94-720-000-000,городской округ город Глазов,1
3.0,Городской округ город Новоульяновск,г. Новоульяновск,Ульяновская область,2253,73-715-000-000,городской округ город Новоульяновск,1
3.0,Городское поселение Инзенское,г. Инза,Ульяновская область,2257,73-610-000-000,Инзенский муниципальный район,1
3.0,Магнитогорский городской округ,г. Магнитогорск,Челябинская область,2281,75-738-000-000,городской округ Магнитогорский,1
3.0,Трехгорный городской округ,г. Трехгорный,Челябинская область,2285,75-707-000-000,городской округ Трехгорный,1
3.0,Снежинский городской округ,г. Снежинск,Челябинская область,2284,75-746-000-000,городской округ Снежинский,1
3.0,Новочебоксарский городской округ,г. Новочебоксарск,Чувашская Республика,481,97-710-000-000,городской округ город Новочебоксарск,1
3.0,Городское поселение город Певек,г. Певек,Чукотский автономный округ,2347,77-705-000-000,городской округ Певек,1
