category,mo_name_1398,admin_center,region
1.0,Городской округ город Райчихинск,г. Райчихинск,Амурская область
1.0,Городской округ город Свободный,г. Свободный,Амурская область
1.0,Сельское поселение Киземское,п. Кизема,Архангельская область
1.0,Городское поселение город Онега,г. Онега,Архангельская область
1.0,Белоберезковское городское поселение,пгт. Белая Березка (раб. пос.),Брянская область
1.0,Городское поселение город Камешково,г. Камешково,Владимирская область
1.0,Городское поселение город Курлово,г. Курлово,Владимирская область
1.0,Городское поселение поселок городского типа Сазоново,пгт. Сазоново,Вологодская область
1.0,Городское поселение город Красавино,г. Красавино,Вологодская область
1.0,Городской округ город Череповец,г. Череповец,Вологодская область
1.0,Городское поселение Жирекенское,пгт. Жирекен,Забайкальский край
1.0,Городское поселение Первомайское,пгт. Первомайский,Забайкальский край
1.0,Городское поселение Петровское,пгт. Петровский,Ивановская область
1.0,Городское поселение Южское,г. Южа,Ивановская область
1.0,Байкальское городское поселение,г. Байкальск,Иркутская область
1.0,Городское поселение город Шелехов,г. Шелехов,Иркутская область
1.0,Городской округ город Юрга,г. Юрга,Кемеровская область
1.0,Городской округ город Анжеро-Судженск,г. Анжеро-Судженск,Кемеровская область
1.0,Городской округ город Прокопьевск,г. Прокопьевск,Кемеровская область
1.0,Городское поселение Салаирское,г. Салаир,Кемеровская область
1.0,Городское поселение город Таштагол,г. Таштагол,Кемеровская область
1.0,Лузское городское поселение,г. Луза,Кировская область
1.0,Городской округ город Вятские Поляны,г. Вятские Поляны,Кировская область
1.0,Кирсинское городское поселение,г. Кирс,Кировская область
1.0,Белохолуницкое городское поселение,г. Белая Холуница,Кировская область
1.0,Городское поселение Пикалёвское,г. Пикалёво,Ленинградская область
1.0,Городское поселение Ревда,пгт. Ревда,Мурманская область
1.0,Городской округ город Кировск,г. Кировск,Мурманская область
1.0,Пестовское городское поселение,г. Пестово,Новгородская область
1.0,Городское поселение город Кувандык,г. Кувандык,Оренбургская область
1.0,Сельское поселение Светлый сельсовет,п. Светлый,Оренбургская область
1.0,Городской округ город Новотроицк,г. Новотроицк,Оренбургская область
1.0,Теплогорское сельское поселение,пгт. Теплая Гора,Пермский край
1.0,Красновишерское городское поселение,г. Красновишерск,Пермский край
1.0,Нытвенское городское поселение,г. Нытва,Пермский край
1.0,Очерское городское поселение,г. Очер,Пермский край
1.0,Чусовское городское поселение,г. Чусовой,Пермский край
1.0,Уральское городское поселение,пгт. Уральский,Пермский край
1.0,Ярославское городское поселение,пгт. Ярославский,Приморский край
1.0,Светлогорское сельское поселение,с. Светлогорье,Приморский край
1.0,Дальнегорский городской округ,г. Дальнегорск,Приморский край
1.0,Городское поселение город Белебей,г. Белебей,Республика Башкортостан
1.0,Городской округ город Кумертау,г. Кумертау,Республика Башкортостан
1.0,Городское поселение Селенгинское,пгт. Селенгинск,Республика Бурятия
1.0,Городской округ город Каспийск,г. Каспийск,Республика Дагестан
1.0,Надвоицкое городское поселение,пгт. Надвоицы,Республика Карелия
1.0,Пудожское городское поселение,г. Пудож,Республика Карелия
1.0,Муезерское городское поселение,пгт. Муезерский,Республика Карелия
1.0,Питкярантское городское поселение,г. Питкяранта,Республика Карелия
1.0,Кондопожское городское поселение,г. Кондопога,Республика Карелия
1.0,Суоярвское городское поселение,г. Суоярви,Республика Карелия
1.0,Городское поселение поселок городского типа Камские Поляны,пгт. Камские Поляны,Республика Татарстан
1.0,Городское поселение город Зеленодольск,г. Зеленодольск,Республика Татарстан
1.0,Городской округ город Черногорск,г. Черногорск,Республика Хакасия
1.0,Городской округ город Гуково,г. Гуково,Ростовская область
1.0,Городской округ Краснотурьинск,г. Краснотурьинск,Свердловская область
1.0,Волчанский городской округ,г. Волчанск,Свердловская область
1.0,Городской округ Карпинск,г. Карпинск,Свердловская область
1.0,Североуральский городской округ,г. Североуральск,Свердловская область
1.0,Городской округ город Каменск-Уральский,г. Каменск-Уральский,Свердловская область
1.0,Городской округ Первоуральск,г. Первоуральск,Свердловская область
1.0,Верхнеднепровское городское поселение,пгт. Верхнеднепровский,Смоленская область
1.0,Городское поселение поселок Спирово,пгт. Спирово,Тверская область
1.0,Великооктябрьское городское поселение,пгт. Великооктябрьский,Тверская область
1.0,Городское поселение город Западная Двина,г. Западная Двина,Тверская область
1.0,Городское поселение город Кувшиново,г. Кувшиново,Тверская область
1.0,Городское поселение рабочий поселок Чегдомын,пгт. Чегдомын,Хабаровский край
1.0,Усть-Катавский городской округ,г. Усть-Катав,Челябинская область
1.0,Нязепетровское городское поселение,г. Нязепетровск,Челябинская область
1.0,Верхнеуфалейский городской округ,г. Верхний Уфалей,Челябинская область
1.0,Карабашский городской округ,г. Карабаш,Челябинская область
1.0,Ашинское городское поселение,г. Аша,Челябинская область
1.0,Канашский городской округ,г. Канаш,Чувашская Республика
1.0,Сельское поселение Песочное,—,Ярославская область
1.0,Городское поселение Гаврилов-Ям,г. Гаврилов-Ям,Ярославская область
2.0,Городской округ город Заринск,г. Заринск,Алтайский край
2.0,Городской округ город Алейск,г. Алейск,Алтайский край
2.0,Городской округ город Яровое,г. Яровое,Алтайский край
2.0,Городское поселение Степноозёрский поссовет,пгт. Степное Озеро,Алтайский край
2.0,Городской округ город Северодвинск,г. Северодвинск,Архангельская область
2.0,Городское поселение поселок Октябрьский,пгт. Октябрьский,Архангельская область
2.0,Городской округ город Новодвинск,г. Новодвинск,Архангельская область
2.0,Городской округ город Коряжма,г. Коряжма,Архангельская область
2.0,Суражское городское поселение,г. Сураж,Брянская область
2.0,Городской округ город Фокино,г. Фокино,Брянская область
2.0,Карачевское городское поселение,г. Карачев,Брянская область
2.0,Погарское городское поселение,пгт. Погар (раб. пос.),Брянская область
2.0,Бытошское городское поселение,пгт. Бытошь (раб. пос.),Брянская область
2.0,Ивотское городское поселение,пгт. Ивот (раб. пос.),Брянская область
2.0,Городское поселение город Меленки,г. Меленки,Владимирская область
2.0,Городское поселение город Гороховец,г. Гороховец,Владимирская область
2.0,Городской округгород Фролово,г. Фролово,Волгоградская область
2.0,Городской округгород Михайловка,г. Михайловка,Волгоградская область
2.0,Городское поселение город Семилуки,г. Семилуки,Воронежская область
2.0,Елань-Коленовское городское поселение,пгт. Елань-Коленовский (раб. пос.),Воронежская область
2.0,Городское поселение Шерловогорское,пгт. Шерловая Гора,Забайкальский край
2.0,Городское поселение город Краснокаменск,г. Краснокаменск,Забайкальский край
2.0,Городское поселение Вершино-Дарасунское,пгт. Вершино-Дарасунский,Забайкальский край
2.0,Городское поселение Новоорловск,пгт. Новоорловск,Забайкальский край
2.0,Городское поселение Кокуйское,пгт. Кокуй,Забайкальский край
2.0,Городское поселение Новопавловское,пгт. Новопавловка,Забайкальский край
2.0,Городское поселение Колобовское,пгт. Колобово,Ивановская область
2.0,Городское поселение Савинское,пгт. Савино,Ивановская область
2.0,Городское поселение Наволокское,г. Наволоки,Ивановская область
2.0,Городское поселение Фурмановское,г. Фурманов,Ивановская область
2.0,Городской округ Тейково,г. Тейково,Ивановская область
2.0,Городское поселение Каменское,пгт. Каменка,Ивановская область
2.0,Городской округ город Тулун,г. Тулун,Иркутская область
2.0,Городской округ Черемховское,г. Черемхово,Иркутская область
2.0,Городской округ город Саянск,г. Саянск,Иркутская область
2.0,Городской округ город Усолье-Сибирское,г. Усолье-Сибирское,Иркутская область
2.0,Городское поселение город Сосенский,г. Сосенский,Калужская область
2.0,Медногорское городское поселение,пгт. Медногорский (раб. пос.),Карачаево-Черкесская Республика
2.0,Городское поселение город Мариинск,г. Мариинск,Кемеровская область
2.0,Городское поселение город Гурьевск,г. Гурьевск,Кемеровская область
2.0,Городское поселение город Топки,г. Топки,Кемеровская область
2.0,Городское поселение Яшкинское,пгт. Яшкино,Кемеровская область
2.0,Городское поселение Шерегешское,пгт. Шерегеш,Кемеровская область
2.0,Городской округ город Мыски,г. Мыски,Кемеровская область
2.0,Городской округ город Тайга,г. Тайга,Кемеровская область
2.0,Городской округ город Междуреченск,г. Междуреченск,Кемеровская область
2.0,Городской округ город Осинники,г. Осинники,Кемеровская область
2.0,Городской округгород Ленинск-Кузнецкий,г. Ленинск-Кузнецкий,Кемеровская область
2.0,Городской округ город Березовский,г. Березовский,Кемеровская область
2.0,Городской округ город Полысаево,г. Полысаево,Кемеровская область
2.0,Городской округ поселок Краснобродский,пгт. Краснобродский,Кемеровская область
2.0,Городской округ город Белово,г. Белово,Кемеровская область
2.0,Городское поселение Мундыбашское,пгт. Мундыбаш,Кемеровская область
2.0,Городской округ город Киселевск,г. Киселевск,Кемеровская область
2.0,Краснополянское городское поселение,пгт. Красная Поляна,Кировская область
2.0,Демьяновское городское поселение,пгт. Демьяново,Кировская область
2.0,Мурыгинское городское поселение,пгт. Мурыгино,Кировская область
2.0,Омутнинское городское поселение,г. Омутнинск,Кировская область
2.0,Городской округ город Мантурово,г. Мантурово,Костромская область
2.0,Городской округ город Железногорск,г. Железногорск,Красноярский край
2.0,Городской округ город Лесосибирск,г. Лесосибирск,Красноярский край
2.0,Городской округ город Бородино,г. Бородино,Красноярский край
2.0,Городской округ город Зеленогорск,г. Зеленогорск,Красноярский край
2.0,Городской округ город Норильск,г. Норильск,Красноярский край
2.0,Городское поселение город Петухово,г. Петухово,Курганская область
2.0,Городское поселение город Далматово,г. Далматово,Курганская область
2.0,Городское поселение город Катайск,г. Катайск,Курганская область
2.0,Городской округ город Железногорск,г. Железногорск,Курская область
2.0,Городское поселение Сланцевское,г. Сланцы,Ленинградская область
2.0,Городское поселение город Сусуман,г. Сусуман,Магаданская область
2.0,Городской округ город Мончегорск,г. Мончегорск,Мурманская область
2.0,Городской округ Ковдорского района,г. Ковдор,Мурманская область
2.0,Городское поселение Никель,пгт. Никель,Мурманская область
2.0,Городское поселение Заполярный,г. Заполярный,Мурманская область
2.0,Городской округ город Оленегорск,г. Оленегорск,Мурманская область
2.0,Городское поселение город Заволжье,г. Заволжье,Нижегородская область
2.0,Грузинское сельское поселение,п. Краснофарфороный,Новгородская область
2.0,Парфинское городское поселение,пгт. Парфино,Новгородская область
2.0,Городское поселение рабочий поселок Линево,пгт. Линево (раб. пос.),Новосибирская область
2.0,Городское поселение город Соль-Илецк,г. Соль-Илецк,Оренбургская область
2.0,Городское поселение город Ясный,г. Ясный,Оренбургская область
2.0,Городской округ город Мценск,г. Мценск,Орловская область
2.0,Городское поселение город Сердобск,г. Сердобск,Пензенская область
2.0,Городской округ город Заречный,г. Заречный,Пензенская область
2.0,Горнозаводское городское поселение,г. Горнозаводск,Пермский край
2.0,Александровское городское поселение,г. Александровск,Пермский край
2.0,Пашийское сельское поселение,пгт. Пашия,Пермский край
2.0,Юго-Камское сельское поселение,п. Юго-Камский,Пермский край
2.0,Лучегорское городское поселение,пгт. Лучегорск,Приморский край
2.0,Арсеньевский городской округ,г. Арсеньев,Приморский край
2.0,Новошахтинское городское поселение,пгт. Новошахтинский,Приморский край
2.0,Востокское городское поселение,пгт. Восток,Приморский край
2.0,Спасск-Дальний городской округ,г. Спасск-Дальний,Приморский край
2.0,Городское поселение город Закаменск,г. Закаменск,Республика Бурятия
2.0,Городское поселение город Гусиноозерск,г. Гусиноозерск,Республика Бурятия
2.0,Городское поселение Каменское,пгт. Каменск,Республика Бурятия
2.0,Городской округ город Дагестанские Огни,г. Дагестанские Огни,Республика Дагестан
2.0,Сегежское городское поселение,г. Сегежа,Республика Карелия
2.0,Пиндушское городское поселение,пгт. Пиндуши,Республика Карелия
2.0,Лахденпохское городское поселение,г. Лахденпохья,Республика Карелия
2.0,Городской округ город Костомукша,г. Костомукша,Республика Карелия
2.0,Вяртсильское городское поселение,пгт. Вяртсиля,Республика Карелия
2.0,Городское поселение Емва,г. Емва,Республика Коми
2.0,Муниципальное образование Республики Крым,г. Армянск,Республика Крым
2.0,Муниципальное образование Республики Крым,г. Красноперекопск,Республика Крым
2.0,Потьминское городское поселение,пгт. Умет,Республика Мордовия
2.0,Городское поселение Рузаевка,г. Рузаевка,Республика Мордовия
2.0,Кадошкинское городское поселение,пгт. Кадошкино,Республика Мордовия
2.0,Атяшевское городское поселение,пгт. Атяшево,Республика Мордовия
2.0,Городское поселение город Нерюнгри,г. Нерюнгри,Республика Саха (Якутия)
2.0,Городское поселение поселок Мохсоголлох,пгт. Мохсоголлох,Республика Саха (Якутия)
2.0,Городское поселение город Удачный,г. Удачный,Республика Саха (Якутия)
2.0,Городское поселение поселок Нижний Куранах,пгт. Нижний Куранах,Республика Саха (Якутия)
2.0,Городское поселение город Елабуга,г. Елабуга,Республика Татарстан
2.0,Городской округ город Абаза,г. Абаза,Республика Хакасия
2.0,Сельское поселение Туимский сельсовет,—,Республика Хакасия
2.0,Городской округ город Саяногорск,г. Саяногорск,Республика Хакасия
2.0,Городской округ город Зверево,г. Зверево,Ростовская область
2.0,Городской округ город Скопин,г. Скопин,Рязанская область
2.0,Городское поселение город Петровск,г. Петровск,Саратовская область
2.0,Городской округ Красноуральск,г. Красноуральск,Свердловская область
2.0,Качканарский городской округ,г. Качканар,Свердловская область
2.0,Городской округ Верхняя Тура,г. Верхняя Тура,Свердловская область
2.0,Серовский городской округ,г. Серов,Свердловская область
2.0,Верхнесалдинский городской округ,г. Верхняя Салда,Свердловская область
2.0,Городское поселение поселок Жарковский,пгт. Жарковский,Тверская область
2.0,Городское поселение город Лихославль,г. Лихославль,Тверская область
2.0,Городской округ город Северск,г. Северск,Томская область
2.0,Городское поселение город Алексин,г. Алексин,Тульская область
2.0,Городское поселение город Ефремов,г. Ефремов,Тульская область
2.0,Городской округ город Воткинск,г. Воткинск,Удмуртская Республика
2.0,Городской округ город Сарапул,г. Сарапул,Удмуртская Республика
2.0,Городской округ город Димитровград,г. Димитровград,Ульяновская область
2.0,Эльбанское городское поселение,пгт. Эльбан,Хабаровский край
2.0,Миньярское городское поселение,г. Миньяр,Челябинская область
2.0,Симское городское поселение,г. Сим,Челябинская область
2.0,Бакальское городское поселение,г. Бакал,Челябинская область
2.0,Саткинское городское поселение,г. Сатка,Челябинская область
2.0,Озёрский городской округ,г. Озёрск,Челябинская область
2.0,Миасский городской округ,г. Миасс,Челябинская область
2.0,Златоустовский городской округ,г. Златоуст,Челябинская область
2.0,Чебаркульский городской округ,г. Чебаркуль,Челябинская область
2.0,Алатырский городской округ,г. Алатырь,Чувашская Республика
2.0,Шумерлинский городской округ,г. Шумерля,Чувашская Республика
2.0,Мариинско-Посадское городское поселение,г. Мариинский Посад,Чувашская Республика
2.0,Городское поселение поселок городского типа Беринговский,пгт. Беринговский,Чукотский автономный округ
2.0,Городское поселение Ростов,г. Ростов,Ярославская область
2.0,Городское поселение Тутаев,г. Тутаев,Ярославская область
3.0,Городской округ город Новоалтайск,г. Новоалтайск,Алтайский край
3.0,Городской округ город Тында,г. Тында,Амурская область
3.0,Городской округгород Белогорск,г. Белогорск,Амурская область
3.0,Губкинский городской округ,г. Губкин,Белгородская область
3.0,Городской округ город Сельцо,г. Сельцо,Брянская область
3.0,Городской округ город Клинцы,г. Клинцы,Брянская область
3.0,Любохонское городское поселение,пгт. Любохна (раб. пос.),Брянская область
3.0,Городское поселение поселок Ставрово,пгт. Ставрово (пос.),Владимирская область
3.0,Городское поселение город Кольчугино,г. Кольчугино,Владимирская область
3.0,Городское поселение город Вязники,г. Вязники,Владимирская область
3.0,Городское поселение город Сокол,г. Сокол,Вологодская область
3.0,Городское поселение город Павловск,г. Павловск,Воронежская область
3.0,Городское поселение город Россошь,г. Россошь,Воронежская область
3.0,Городское поселение Теплоозерское,пгт. Теплоозерск,Еврейская автономная область
3.0,Городской округ Вичуга,г. Вичуга,Ивановская область
3.0,Городское поселение Приволжское,г. Приволжск,Ивановская область
3.0,Железногорское городское поселение,г. Железногорск-Илимский,Иркутская область
3.0,Городской округгород Усть-Илимск,г. Усть-Илимск,Иркутская область
3.0,Городской округ город Новокузнецк,г. Новокузнецк,Кемеровская область
3.0,Городской округ город Калтан,г. Калтан,Кемеровская область
3.0,Городское поселение Белогорское,пгт. Белогорск,Кемеровская область
3.0,Уржумское городское поселение,г. Уржум,Кировская область
3.0,Городской округ город Кирово-Чепецк,г. Кирово-Чепецк,Кировская область
3.0,Стрижевское городское поселение,пгт. Стрижи,Кировская область
3.0,Городской округ город Галич,г. Галич,Костромская область
3.0,Городское поселение Варгашинский поссовет,пгт. Варгаши,Курганская область
3.0,Городское поселение Сясьстройское,г. Сясьстрой,Ленинградская область
3.0,Городское поселение город Лебедянь,г. Лебедянь,Липецкая область
3.0,Городское поселение город Балахна,г. Балахна,Нижегородская область
3.0,Городское поселение город Кулебаки,г. Кулебаки,Нижегородская область
3.0,Городское поселение город Княгинино,г. Княгинино,Нижегородская область
3.0,Городское поселение город Павлово,г. Павлово,Нижегородская область
3.0,Городское поселение город Володарск,г. Володарск,Нижегородская область
3.0,Городской округ город Первомайск,г. Первомайск,Нижегородская область
3.0,Городское поселение город Ворсма,г. Ворсма,Нижегородская область
3.0,Городское поселение рабочий поселок Мухтолово,пгт. Мухтолово,Нижегородская область
3.0,Городское поселение рабочий поселок Решетиха,пгт. Решетиха,Нижегородская область
3.0,Городской округ город Выкса,г. Выкса,Нижегородская область
3.0,Городское поселение город Навашино,г. Навашино,Нижегородская область
3.0,Угловское городское поселение,пгт. Угловка,Новгородская область
3.0,Боровичское городское поселение,г. Боровичи,Новгородская область
3.0,Красноярское городское поселение,пгт. Красный Яр (раб. пос.),Омская область
3.0,Городской округ город Медногорск,г. Медногорск,Оренбургская область
3.0,Городской округ город Гай,г. Гай,Оренбургская область
3.0,Городское поселение город Никольск,г. Никольск,Пензенская область
3.0,Липовецкое городское поселение,пгт. Липовцы,Приморский край
3.0,Городской округгород Нефтекамск,г. Нефтекамск,Республика Башкортостан
3.0,Городское поселение город Благовещенск,г. Благовещенск,Республика Башкортостан
3.0,Городское поселение город Учалы,г. Учалы,Республика Башкортостан
3.0,Городское поселение город Белорецк,г. Белорецк,Республика Башкортостан
3.0,Сельское поселение Саганнурское,п. Саган-Нур,Республика Бурятия
3.0,Городской округгород Северобайкальск,г. Северобайкальск,Республика Бурятия
3.0,Городской округ Воркута,г. Воркута,Республика Коми
3.0,Городское поселение Жешарт,пгт. Жешарт,Республика Коми
3.0,Городской округ Инта,г. Инта,Республика Коми
3.0,Тургеневское городское поселение,пгт. Тургенево,Республика Мордовия
3.0,Комсомольское городское поселение,пгт. Комсомольский,Республика Мордовия
3.0,Городское поселение город Мирный,г. Мирный,Республика Саха (Якутия)
3.0,Городское поселение поселок Айхал,пгт. Айхал,Республика Саха (Якутия)
3.0,Городское поселение город Менделеевск,г. Менделеевск,Республика Татарстан
3.0,Городское поселение город Нижнекамск,г. Нижнекамск,Республика Татарстан
3.0,Городской округ город Набережные Челны,г. Набережные Челны,Республика Татарстан
3.0,Городской округ город Сорск,г. Сорск,Республика Хакасия
3.0,Вершино-Тейское городское поселение,пгт. Вершина Теи,Республика Хакасия
3.0,Городской округ город Донецк,г. Донецк,Ростовская область
3.0,Елатомское городское поселение,пгт. Елатьма,Рязанская область
3.0,Городской округ Чапаевск,г. Чапаевск,Самарская область
3.0,Городской округ Тольятти,г. Тольятти,Самарская область
3.0,Городское поселение город Вольск,г. Вольск,Саратовская область
3.0,Полевской городской округ,г. Полевской,Свердловская область
3.0,Асбестовский городской округ,г. Асбест,Свердловская область
3.0,Городской округ город Нижний Тагил,г. Нижний Тагил,Свердловская область
3.0,Городской округ Ревда,г. Ревда,Свердловская область
3.0,Городской округ Верхняя Пышма,г. Верхняя Пышма,Свердловская область
3.0,Малышевский городской округ,пгт. Малышева,Свердловская область
3.0,Городской округ город Невинномысск,г. Невинномысск,Ставропольский край
3.0,Городское поселение Знаменский поссовет,пгт. Знаменка (раб. пос.),Тамбовская область
3.0,Городской округ город Котовск,г. Котовск,Тамбовская область
3.0,Городское поселение рабочий поселок Плеханово,пгт. Плеханово (раб. пос.),Тульская область
3.0,Городское поселение рабочий поселок Первомайский,пгт. Первомайский (р.п.),Тульская область
3.0,Городской округ город Глазов,г. Глазов,Удмуртская Республика
3.0,Городской округ город Новоульяновск,г. Новоульяновск,Ульяновская область
3.0,Городское поселение Инзенское,г. Инза,Ульяновская область
3.0,Городское поселение Силикатненское,пгт. Силикатный,Ульяновская область
3.0,Магнитогорский городской округ,г. Магнитогорск,Челябинская область
3.0,Трехгорный городской округ,г. Трехгорный,Челябинская область
3.0,Снежинский городской округ,г. Снежинск,Челябинская область
3.0,Новочебоксарский городской округ,г. Новочебоксарск,Чувашская Республика
3.0,Городское поселение город Певек,г. Певек,Чукотский автономный округ
