resort_name,region,source,territory_id,oktmo,mo_name_sberindex,match_status
Сочи,Краснодарский край,experiment_2018,2812,03-726-000-000,городской округ город-курорт Сочи,matched
Анапа,Краснодарский край,experiment_2018,623,03-703-000-000,городской округ город-курорт Анапа,matched
Геленджик,Краснодарский край,experiment_2018,625,03-708-000-000,городской округ город-курорт Геленджик,matched
Горячий Ключ,Краснодарский край,experiment_2018,626,03-709-000-000,городской округ город Горячий Ключ,matched
Кисловодск,Ставропольский край,experiment_2018,2876,07-715-000-000,городской округ город-курорт Кисловодск,matched
Ессентуки,Ставропольский край,experiment_2018,812,07-710-000-000,городской округ город-курорт Ессентуки,matched
Пятигорск,Ставропольский край,experiment_2018,824,07-727-000-000,городской округ город-курорт Пятигорск,matched
Железноводск,Ставропольский край,experiment_2018,813,07-712-000-000,городской округ город-курорт Железноводск,matched
Белокуриха,Алтайский край,experiment_2018,506,01-704-000-000,городской округ город Белокуриха,matched
Ялта,Республика Крым,experiment_2018_crimea_all,254,35-729-000-000,городской округ Ялта,matched
Алушта,Республика Крым,experiment_2018_crimea_all,245,35-703-000-000,городской округ Алушта,matched
Судак,Республика Крым,experiment_2018_crimea_all,252,35-723-000-000,городской округ Судак,matched
Феодосия,Республика Крым,experiment_2018_crimea_all,253,35-726-000-000,городской округ Феодосия,matched
Евпатория,Республика Крым,experiment_2018_crimea_all,248,35-712-000-000,городской округ Евпатория,matched
Саки,Республика Крым,experiment_2018_crimea_all,251,35-721-000-000,городской округ Саки,matched
Керчь,Республика Крым,experiment_2018_crimea_all,249,35-715-000-000,городской округ Керчь,matched
